data,timestamp,capital_livre,capital_total,posicoes_ativas,trades_do_dia,daily_pnl,capital_peak,drawdown_pct,capital_acumulado,total_trades,date
2024-10-09,2024-10-09,2.080000000000002,2.804831560263148,8,2,-32.195168439736854,2.804831560263148,0.0,2.804831560263148,2,2024-10-09
2024-10-10,2024-10-10,2.4199999999999946,3.0623146284077665,8,6,0.2574830681446185,3.0623146284077665,0.0,3.0623146284077665,8,2024-10-10
2024-10-11,2024-10-11,5.184000000000003,5.990674598678991,8,4,2.9283599702712246,5.990674598678991,0.0,5.990674598678991,12,2024-10-11
2024-10-12,2024-10-12,14.108000000000025,15.373348529269709,8,2,9.382673930590718,15.373348529269709,0.0,15.373348529269709,14,2024-10-12
2024-10-13,2024-10-13,15.864000000000047,17.09808360276421,8,0,1.7247350734945002,17.09808360276421,0.0,17.09808360276421,14,2024-10-13
2024-10-14,2024-10-14,15.780000000000094,16.652812550758796,8,8,-0.4452710520054133,17.09808360276421,-2.6042161352716002,16.652812550758796,22,2024-10-14
2024-10-15,2024-10-15,24.76000000000014,25.351339314004715,8,6,8.69852676324592,25.351339314004715,0.0,25.351339314004715,28,2024-10-15
2024-10-16,2024-10-16,31.268000000000214,32.06815562053175,8,10,6.716816306527033,32.06815562053175,0.0,32.06815562053175,38,2024-10-16
2024-10-17,2024-10-17,36.57200000000026,37.54212223503587,8,2,5.473966614504121,37.54212223503587,0.0,37.54212223503587,40,2024-10-17
2024-10-18,2024-10-18,36.61200000000033,37.51774984813666,8,8,-0.024372386899209175,37.54212223503587,-0.06492010959482693,37.51774984813666,48,2024-10-18
2024-10-19,2024-10-19,43.26000000000037,44.29782540059623,8,2,6.7800755524595715,44.29782540059623,0.0,44.29782540059623,50,2024-10-19
2024-10-20,2024-10-20,45.3480000000004,45.888355931211464,8,2,1.5905305306152329,45.888355931211464,0.0,45.888355931211464,52,2024-10-20
2024-10-21,2024-10-21,52.744000000000455,52.757368485912345,8,8,6.8690125547008805,52.757368485912345,0.0,52.757368485912345,60,2024-10-21
2024-10-22,2024-10-22,51.876000000000516,52.048228027131714,8,8,-0.7091404587806309,52.757368485912345,-1.3441543411513992,52.048228027131714,68,2024-10-22
2024-10-23,2024-10-23,53.916000000000565,54.23243667350158,8,8,2.184208646369868,54.23243667350158,0.0,54.23243667350158,76,2024-10-23
2024-10-24,2024-10-24,57.012000000000654,58.31261715935306,8,10,4.0801804858514785,58.31261715935306,0.0,58.31261715935306,86,2024-10-24
2024-10-25,2024-10-25,59.224000000000714,59.58751649817811,8,10,1.2748993388250511,59.58751649817811,0.0,59.58751649817811,96,2024-10-25
2024-10-26,2024-10-26,56.9320000000008,58.365806902351,8,0,-1.2217095958271145,59.58751649817811,-2.05027775551691,58.365806902351,96,2024-10-26
2024-10-27,2024-10-27,63.88000000000085,64.29215011978826,8,4,5.926343217437264,64.29215011978826,0.0,64.29215011978826,100,2024-10-27
2024-10-28,2024-10-28,68.39200000000098,69.43267186294729,8,2,5.140521743159027,69.43267186294729,0.0,69.43267186294729,102,2024-10-28
2024-10-29,2024-10-29,79.0720000000012,79.96023134448713,8,8,10.52755948153984,79.96023134448713,0.0,79.96023134448713,110,2024-10-29
2024-10-30,2024-10-30,85.35200000000134,85.75411778786287,8,4,5.79388644337574,85.75411778786287,0.0,85.75411778786287,114,2024-10-30
2024-10-31,2024-10-31,86.85200000000138,87.38910722883088,8,6,1.6349894409680132,87.38910722883088,0.0,87.38910722883088,120,2024-10-31
2024-11-01,2024-11-01,83.91600000000146,85.06149537943249,8,4,-2.3276118493983944,87.38910722883088,-2.663503408157582,85.06149537943249,124,2024-11-01
2024-11-02,2024-11-02,90.54000000000161,92.55933094445622,8,2,7.497835565023735,92.55933094445622,0.0,92.55933094445622,126,2024-11-02
2024-11-03,2024-11-03,89.20400000000167,89.39534824388174,8,6,-3.163982700574479,92.55933094445622,-3.41832926868621,89.39534824388174,132,2024-11-03
2024-11-04,2024-11-04,91.22000000000185,91.14703205379513,8,8,1.7516838099133878,92.55933094445622,-1.5258309197465953,91.14703205379513,140,2024-11-04
2024-11-05,2024-11-05,95.66000000000201,96.5455069468869,8,4,5.398474893091773,96.5455069468869,0.0,96.5455069468869,144,2024-11-05
2024-11-06,2024-11-06,108.93600000000222,108.93600000000222,8,16,12.390493053115321,108.93600000000222,0.0,108.93600000000222,160,2024-11-06
2024-11-07,2024-11-07,122.12000000000234,123.05448782494778,8,4,14.11848782494556,123.05448782494778,0.0,123.05448782494778,164,2024-11-07
2024-11-08,2024-11-08,131.77600000000197,132.82871448562832,8,8,9.77422666068054,132.82871448562832,0.0,132.82871448562832,172,2024-11-08
2024-11-09,2024-11-09,140.37600000000168,140.62194064595755,8,10,7.793226160329226,140.62194064595755,0.0,140.62194064595755,182,2024-11-09
2024-11-10,2024-11-10,149.24000000000137,150.0676266802696,8,6,9.445686034312047,150.0676266802696,0.0,150.0676266802696,188,2024-11-10
2024-11-11,2024-11-11,167.85600000000116,169.35310847500074,8,4,19.28548179473114,169.35310847500074,0.0,169.35310847500074,192,2024-11-11
2024-11-12,2024-11-12,185.8400000000009,186.31673238958953,8,12,16.963623914588794,186.31673238958953,0.0,186.31673238958953,204,2024-11-12
2024-11-13,2024-11-13,198.9960000000002,199.39805475882338,8,6,13.081322369233845,199.39805475882338,0.0,199.39805475882338,210,2024-11-13
2024-11-14,2024-11-14,209.11999999999952,209.6900937062307,8,10,10.29203894740732,209.6900937062307,0.0,209.6900937062307,220,2024-11-14
2024-11-15,2024-11-15,217.63599999999883,218.20354406628763,8,4,8.513450360056936,218.20354406628763,0.0,218.20354406628763,224,2024-11-15
2024-11-16,2024-11-16,235.52799999999863,235.7826300188273,8,10,17.579085952539657,235.7826300188273,0.0,235.7826300188273,234,2024-11-16
2024-11-17,2024-11-17,246.5039999999986,247.81385425001946,8,6,12.03122423119217,247.81385425001946,0.0,247.81385425001946,240,2024-11-17
2024-11-18,2024-11-18,254.29599999999903,256.04288096978854,8,6,8.229026719769081,256.04288096978854,0.0,256.04288096978854,246,2024-11-18
2024-11-19,2024-11-19,265.33999999999924,266.0834819491896,8,6,10.040600979401063,266.0834819491896,0.0,266.0834819491896,252,2024-11-19
2024-11-20,2024-11-20,271.0319999999996,272.27933257538126,8,4,6.195850626191657,272.27933257538126,0.0,272.27933257538126,256,2024-11-20
2024-11-21,2024-11-21,279.15999999999974,281.24088913721164,8,2,8.961556561830378,281.24088913721164,0.0,281.24088913721164,258,2024-11-21
2024-11-22,2024-11-22,294.35199999999963,294.8618100771343,8,12,13.620920939922655,294.8618100771343,0.0,294.8618100771343,270,2024-11-22
2024-11-23,2024-11-23,310.81999999999937,311.4846026694065,8,4,16.62279259227222,311.4846026694065,0.0,311.4846026694065,274,2024-11-23
2024-11-24,2024-11-24,318.89999999999975,319.74369760132424,8,8,8.25909493191773,319.74369760132424,0.0,319.74369760132424,282,2024-11-24
2024-11-25,2024-11-25,326.44000000000017,326.5559866598602,8,10,6.812289058535953,326.5559866598602,0.0,326.5559866598602,292,2024-11-25
2024-11-26,2024-11-26,334.1280000000007,335.63638053117415,8,4,9.080393871313959,335.63638053117415,0.0,335.63638053117415,296,2024-11-26
2024-11-27,2024-11-27,344.95200000000114,345.45194994406427,8,12,9.815569412890113,345.45194994406427,0.0,345.45194994406427,308,2024-11-27
2024-11-28,2024-11-28,361.96000000000083,362.8414730291323,8,8,17.38952308506805,362.8414730291323,0.0,362.8414730291323,316,2024-11-28
2024-11-29,2024-11-29,365.86000000000126,366.4788099940059,8,6,3.6373369648736116,366.4788099940059,0.0,366.4788099940059,322,2024-11-29
2024-11-30,2024-11-30,377.1000000000014,377.28133716076184,8,12,10.802527166755908,377.28133716076184,0.0,377.28133716076184,334,2024-11-30
2024-12-01,2024-12-01,384.60800000000154,384.6764035704558,8,10,7.395066409693982,384.6764035704558,0.0,384.6764035704558,344,2024-12-01
2024-12-02,2024-12-02,393.20800000000156,393.66514870630914,8,8,8.988745135853321,393.66514870630914,0.0,393.66514870630914,352,2024-12-02
2024-12-03,2024-12-03,408.9960000000016,409.87227916368994,8,6,16.2071304573808,409.87227916368994,0.0,409.87227916368994,358,2024-12-03
2024-12-04,2024-12-04,421.94800000000157,422.4770396608571,8,12,12.604760497167149,422.4770396608571,0.0,422.4770396608571,370,2024-12-04
2024-12-05,2024-12-05,430.1320000000019,430.37967862705403,8,14,7.902638966196946,430.37967862705403,0.0,430.37967862705403,384,2024-12-05
2024-12-06,2024-12-06,441.69200000000217,442.0907823049096,8,14,11.71110367785559,442.0907823049096,0.0,442.0907823049096,398,2024-12-06
2024-12-07,2024-12-07,449.2560000000025,450.5258845793709,8,4,8.435102274461258,450.5258845793709,0.0,450.5258845793709,402,2024-12-07
2024-12-08,2024-12-08,454.0880000000027,455.60006568091626,8,2,5.074181101545378,455.60006568091626,0.0,455.60006568091626,404,2024-12-08
2024-12-09,2024-12-09,459.97600000000295,460.01641971998805,8,14,4.416354039071791,460.01641971998805,0.0,460.01641971998805,418,2024-12-09
2024-12-10,2024-12-10,461.76000000000374,461.96495776208656,8,14,1.9485380420985052,461.96495776208656,0.0,461.96495776208656,432,2024-12-10
2024-12-11,2024-12-11,480.9960000000034,481.1977293179872,8,12,19.232771555900626,481.1977293179872,0.0,481.1977293179872,444,2024-12-11
2024-12-12,2024-12-12,496.23600000000306,496.69274607562903,8,12,15.49501675764185,496.69274607562903,0.0,496.69274607562903,456,2024-12-12
2024-12-13,2024-12-13,503.8800000000034,505.43924705074227,8,0,8.746500975113236,505.43924705074227,0.0,505.43924705074227,456,2024-12-13
2024-12-14,2024-12-14,511.1120000000036,511.4477983415583,8,4,6.008551290816058,511.4477983415583,0.0,511.4477983415583,460,2024-12-14
2024-12-15,2024-12-15,510.79600000000426,511.5774774489078,8,6,0.12967910734948873,511.5774774489078,0.0,511.5774774489078,466,2024-12-15
2024-12-16,2024-12-16,520.5560000000042,521.9869842613963,8,6,10.409506812488473,521.9869842613963,0.0,521.9869842613963,472,2024-12-16
2024-12-17,2024-12-17,521.996000000005,522.0142027204705,8,14,0.027218459074219936,522.0142027204705,0.0,522.0142027204705,486,2024-12-17
2024-12-18,2024-12-18,528.5840000000053,529.2443244835991,8,2,7.230121763128636,529.2443244835991,0.0,529.2443244835991,488,2024-12-18
2024-12-19,2024-12-19,529.932000000006,531.8708829237531,8,4,2.6265584401539854,531.8708829237531,0.0,531.8708829237531,492,2024-12-19
2024-12-20,2024-12-20,535.2080000000067,536.2782067510346,8,8,4.407323827281516,536.2782067510346,0.0,536.2782067510346,500,2024-12-20
2024-12-21,2024-12-21,550.3400000000069,551.0456485649778,8,10,14.767441813943151,551.0456485649778,0.0,551.0456485649778,510,2024-12-21
2024-12-22,2024-12-22,552.5960000000075,554.3677967533835,8,2,3.322148188405663,554.3677967533835,0.0,554.3677967533835,512,2024-12-22
2024-12-23,2024-12-23,558.0240000000078,557.9836824215437,8,14,3.6158856681602174,557.9836824215437,0.0,557.9836824215437,526,2024-12-23
2024-12-24,2024-12-24,569.5720000000082,569.5557477100871,8,8,11.5720652885434,569.5557477100871,0.0,569.5557477100871,534,2024-12-24
2024-12-25,2024-12-25,579.2960000000083,580.076893694857,8,10,10.521145984769873,580.076893694857,0.0,580.076893694857,544,2024-12-25
2024-12-26,2024-12-26,579.0160000000088,579.6634170419558,8,8,-0.4134766529011813,580.076893694857,-0.07127962816575938,579.6634170419558,552,2024-12-26
2024-12-27,2024-12-27,573.9320000000098,574.8671865802864,8,0,-4.7962304616693245,580.076893694857,-0.898106297836958,574.8671865802864,552,2024-12-27
2024-12-28,2024-12-28,580.2320000000102,582.1090176916225,8,0,7.241831111336069,582.1090176916225,0.0,582.1090176916225,552,2024-12-28
2024-12-29,2024-12-29,587.9720000000101,587.9307399265758,8,10,5.821722234953313,587.9307399265758,0.0,587.9307399265758,562,2024-12-29
2024-12-30,2024-12-30,586.4840000000108,587.8896018152641,8,6,-0.04113811131173861,587.9307399265758,-0.006997101617254471,587.8896018152641,568,2024-12-30
2024-12-31,2024-12-31,591.5560000000112,591.9989611062158,8,8,4.109359290951716,591.9989611062158,0.0,591.9989611062158,576,2024-12-31
2025-01-01,2025-01-01,596.2720000000115,597.3744501740464,8,10,5.3754890678305856,597.3744501740464,0.0,597.3744501740464,586,2025-01-01
2025-01-02,2025-01-02,605.3320000000115,605.8806209451196,8,12,8.506170771073243,605.8806209451196,0.0,605.8806209451196,598,2025-01-02
2025-01-03,2025-01-03,610.2680000000116,611.4109876798613,8,0,5.530366734741619,611.4109876798613,0.0,611.4109876798613,598,2025-01-03
2025-01-04,2025-01-04,623.1760000000114,623.8108909695711,8,6,12.399903289709869,623.8108909695711,0.0,623.8108909695711,604,2025-01-04
2025-01-05,2025-01-05,626.8480000000117,627.4484642653208,8,6,3.6375732957496894,627.4484642653208,0.0,627.4484642653208,610,2025-01-05
2025-01-06,2025-01-06,627.7400000000121,628.0779707841604,8,6,0.6295065188395483,628.0779707841604,0.0,628.0779707841604,616,2025-01-06
2025-01-07,2025-01-07,634.3640000000122,634.9593402003734,8,6,6.881369416213033,634.9593402003734,0.0,634.9593402003734,622,2025-01-07
2025-01-08,2025-01-08,632.3800000000132,632.8175693611456,8,12,-2.1417708392277746,634.9593402003734,-0.3373083445865838,632.8175693611456,634,2025-01-08
2025-01-09,2025-01-09,636.1280000000139,637.0510937228172,8,0,4.233524361671584,637.0510937228172,0.0,637.0510937228172,634,2025-01-09
2025-01-10,2025-01-10,637.3160000000146,639.945589689815,8,0,2.8944959669978516,639.945589689815,0.0,639.945589689815,634,2025-01-10
2025-01-11,2025-01-11,646.3640000000146,647.422613754152,8,0,7.477024064337002,647.422613754152,0.0,647.422613754152,634,2025-01-11
2025-01-12,2025-01-12,651.5520000000148,651.7451338317367,8,10,4.322520077584613,651.7451338317367,0.0,651.7451338317367,644,2025-01-12
2025-01-13,2025-01-13,654.2120000000152,654.5735033673843,8,14,2.828369535647653,654.5735033673843,0.0,654.5735033673843,658,2025-01-13
2025-01-14,2025-01-14,657.960000000016,659.1007404646447,8,4,4.527237097260354,659.1007404646447,0.0,659.1007404646447,662,2025-01-14
2025-01-15,2025-01-15,667.008000000016,668.5669113168502,8,4,9.46617085220555,668.5669113168502,0.0,668.5669113168502,666,2025-01-15
2025-01-16,2025-01-16,680.5360000000157,680.7176604653357,8,10,12.150749148485488,680.7176604653357,0.0,680.7176604653357,676,2025-01-16
2025-01-17,2025-01-17,688.560000000016,689.9671300128589,8,4,9.249469547523177,689.9671300128589,0.0,689.9671300128589,680,2025-01-17
2025-01-18,2025-01-18,698.584000000016,699.9754279119783,8,4,10.008297899119384,699.9754279119783,0.0,699.9754279119783,684,2025-01-18
2025-01-19,2025-01-19,708.1920000000163,709.0424798835451,8,6,9.067051971566798,709.0424798835451,0.0,709.0424798835451,690,2025-01-19
2025-01-20,2025-01-20,714.8800000000169,714.8800000000169,8,16,5.837520116471865,714.8800000000169,0.0,714.8800000000169,706,2025-01-20
2025-01-21,2025-01-21,734.0680000000168,734.4351142884914,8,14,19.555114288474442,734.4351142884914,0.0,734.4351142884914,720,2025-01-21
2025-01-22,2025-01-22,745.3440000000168,746.4705864535238,8,6,12.035472165032388,746.4705864535238,0.0,746.4705864535238,726,2025-01-22
2025-01-23,2025-01-23,745.6480000000174,746.0612983405343,8,10,-0.40928811298942946,746.4705864535238,-0.05482977098052239,746.0612983405343,736,2025-01-23
2025-01-24,2025-01-24,747.8920000000181,748.3904453514932,8,10,2.329147010958877,748.3904453514932,0.0,748.3904453514932,746,2025-01-24
2025-01-25,2025-01-25,752.2400000000185,752.2916979547182,8,14,3.9012526032249752,752.2916979547182,0.0,752.2916979547182,760,2025-01-25
2025-01-26,2025-01-26,757.0960000000186,757.823829241232,8,0,5.532131286513845,757.823829241232,0.0,757.823829241232,760,2025-01-26
2025-01-27,2025-01-27,756.1600000000193,756.1600000000193,8,16,-1.6638292412127385,757.823829241232,-0.21955356601528886,756.1600000000193,776,2025-01-27
2025-01-28,2025-01-28,760.0680000000201,761.1346058960918,8,4,4.9746058960724895,761.1346058960918,0.0,761.1346058960918,780,2025-01-28
2025-01-29,2025-01-29,762.9000000000206,763.7459043297323,8,8,2.6112984336405134,763.7459043297323,0.0,763.7459043297323,788,2025-01-29
2025-01-30,2025-01-30,768.4440000000208,770.2695025469025,8,2,6.523598217170161,770.2695025469025,0.0,770.2695025469025,790,2025-01-30
2025-01-31,2025-01-31,775.0000000000208,775.4136399646543,8,6,5.1441374177518355,775.4136399646543,0.0,775.4136399646543,796,2025-01-31
2025-02-01,2025-02-01,776.5560000000214,779.2004663793736,8,0,3.7868264147192576,779.2004663793736,0.0,779.2004663793736,796,2025-02-01
2025-02-02,2025-02-02,773.8600000000224,775.4215605166808,8,8,-3.7789058626927954,779.2004663793736,-0.4849722280393168,775.4215605166808,804,2025-02-02
2025-02-03,2025-02-03,774.7800000000235,774.7800000000235,8,16,-0.6415605166572504,779.2004663793736,-0.5673079740172832,774.7800000000235,820,2025-02-03
2025-02-04,2025-02-04,800.7680000000231,800.848168567015,8,10,26.068168566991517,800.848168567015,0.0,800.848168567015,830,2025-02-04
2025-02-05,2025-02-05,811.8680000000235,812.8650010510239,8,2,12.016832484008887,812.8650010510239,0.0,812.8650010510239,832,2025-02-05
2025-02-06,2025-02-06,815.296000000024,817.0804570587798,8,0,4.215456007755847,817.0804570587798,0.0,817.0804570587798,832,2025-02-06
2025-02-07,2025-02-07,820.4800000000247,821.835880730838,8,2,4.755423672058214,821.835880730838,0.0,821.835880730838,834,2025-02-07
2025-02-08,2025-02-08,832.1680000000248,834.529468453638,8,2,12.693587722799975,834.529468453638,0.0,834.529468453638,836,2025-02-08
2025-02-09,2025-02-09,836.024000000025,837.3459391244083,8,0,2.8164706707704,837.3459391244083,0.0,837.3459391244083,836,2025-02-09
2025-02-10,2025-02-10,845.3680000000253,846.5025316165516,8,8,9.156592492143204,846.5025316165516,0.0,846.5025316165516,844,2025-02-10
2025-02-11,2025-02-11,855.4840000000253,856.1791558691377,8,10,9.67662425258618,856.1791558691377,0.0,856.1791558691377,854,2025-02-11
2025-02-12,2025-02-12,861.6920000000257,863.3318176330097,8,2,7.152661763871947,863.3318176330097,0.0,863.3318176330097,856,2025-02-12
2025-02-13,2025-02-13,871.3720000000257,871.7690574190833,8,6,8.437239786073633,871.7690574190833,0.0,871.7690574190833,862,2025-02-13
2025-02-14,2025-02-14,873.9160000000262,875.7315450546353,8,2,3.962487635551952,875.7315450546353,0.0,875.7315450546353,864,2025-02-14
2025-02-15,2025-02-15,881.2280000000264,882.2225173814072,8,4,6.490972326771953,882.2225173814072,0.0,882.2225173814072,868,2025-02-15
2025-02-16,2025-02-16,881.464000000027,882.9010386760671,8,4,0.6785212946598449,882.9010386760671,0.0,882.9010386760671,872,2025-02-16
2025-02-17,2025-02-17,881.2080000000274,882.3804762778753,8,2,-0.5205623981917142,882.9010386760671,-0.05896044691172988,882.3804762778753,874,2025-02-17
2025-02-18,2025-02-18,887.7720000000278,887.8992065013298,8,14,5.51873022345444,887.8992065013298,0.0,887.8992065013298,888,2025-02-18
2025-02-19,2025-02-19,891.8200000000284,892.816297068001,8,6,4.917090566671163,892.816297068001,0.0,892.816297068001,894,2025-02-19
2025-02-20,2025-02-20,902.7400000000283,903.857948932079,8,8,11.041651864078062,903.857948932079,0.0,903.857948932079,902,2025-02-20
2025-02-21,2025-02-21,907.7560000000285,908.0036217967292,8,8,4.145672864650237,908.0036217967292,0.0,908.0036217967292,910,2025-02-21
2025-02-22,2025-02-22,913.8040000000289,914.9092715143242,8,8,6.905649717594997,914.9092715143242,0.0,914.9092715143242,918,2025-02-22
2025-02-23,2025-02-23,918.2240000000289,918.8553636662867,8,2,3.946092151962489,918.8553636662867,0.0,918.8553636662867,920,2025-02-23
2025-02-24,2025-02-24,918.2640000000296,919.2111293847911,8,8,0.3557657185043581,919.2111293847911,0.0,919.2111293847911,928,2025-02-24
2025-02-25,2025-02-25,914.6720000000306,915.7199718041584,8,6,-3.4911575806327164,919.2111293847911,-0.3797993158513296,915.7199718041584,934,2025-02-25
2025-02-26,2025-02-26,927.5760000000308,927.6748193018789,8,14,11.954847497720493,927.6748193018789,0.0,927.6748193018789,948,2025-02-26
2025-02-27,2025-02-27,932.7720000000314,933.6648784202171,8,6,5.990059118338195,933.6648784202171,0.0,933.6648784202171,954,2025-02-27
2025-02-28,2025-02-28,941.3000000000318,941.4933963015297,8,12,7.828517881312678,941.4933963015297,0.0,941.4933963015297,966,2025-02-28
2025-03-01,2025-03-01,951.2640000000321,951.5125083416137,8,10,10.019112040083996,951.5125083416137,0.0,951.5125083416137,976,2025-03-01
2025-03-02,2025-03-02,959.4720000000323,959.7514463904214,8,6,8.238938048807654,959.7514463904214,0.0,959.7514463904214,982,2025-03-02
2025-03-03,2025-03-03,972.2640000000322,972.4050889086965,8,14,12.653642518275092,972.4050889086965,0.0,972.4050889086965,996,2025-03-03
2025-03-04,2025-03-04,979.3880000000329,979.3880000000329,8,16,6.982911091336405,979.3880000000329,0.0,979.3880000000329,1012,2025-03-04
2025-03-05,2025-03-05,993.5800000000329,994.0299959728843,8,8,14.641995972851419,994.0299959728843,0.0,994.0299959728843,1020,2025-03-05
2025-03-06,2025-03-06,1006.7160000000321,1007.0437595323689,8,8,13.013763559484573,1007.0437595323689,0.0,1007.0437595323689,1028,2025-03-06
2025-03-07,2025-03-07,1014.1520000000291,1014.1520000000291,8,16,7.108240467660266,1014.1520000000291,0.0,1014.1520000000291,1044,2025-03-07
2025-03-08,2025-03-08,1024.9320000000264,1026.7470755376935,8,2,12.595075537664343,1026.7470755376935,0.0,1026.7470755376935,1046,2025-03-08
2025-03-09,2025-03-09,1024.7200000000223,1026.3445646504144,8,0,-0.4025108872790497,1026.7470755376935,-0.03920253554832481,1026.3445646504144,1046,2025-03-09
2025-03-10,2025-03-10,1023.4360000000154,1024.50522807574,8,10,-1.839336574674462,1026.7470755376935,-0.2183446649487155,1024.50522807574,1056,2025-03-10
2025-03-11,2025-03-11,1030.2040000000095,1030.2040000000095,8,16,5.698771924269522,1030.2040000000095,0.0,1030.2040000000095,1072,2025-03-11
2025-03-12,2025-03-12,1047.3600000000085,1047.7171619299259,8,8,17.51316192991635,1047.7171619299259,0.0,1047.7171619299259,1080,2025-03-12
2025-03-13,2025-03-13,1061.380000000007,1061.8277358927767,8,10,14.110573962850822,1061.8277358927767,0.0,1061.8277358927767,1090,2025-03-13
2025-03-14,2025-03-14,1065.324000000002,1067.219953005541,8,0,5.392217112764229,1067.219953005541,0.0,1067.219953005541,1090,2025-03-14
2025-03-15,2025-03-15,1075.6360000000013,1076.5130982238545,8,4,9.293145218313612,1076.5130982238545,0.0,1076.5130982238545,1094,2025-03-15
2025-03-16,2025-03-16,1080.492,1081.80523790226,8,4,5.2921396784054195,1081.80523790226,0.0,1081.80523790226,1098,2025-03-16
2025-03-17,2025-03-17,1082.9319999999952,1083.4003428243116,8,14,1.5951049220516325,1083.4003428243116,0.0,1083.4003428243116,1112,2025-03-17
2025-03-18,2025-03-18,1086.4079999999924,1086.5460423942047,8,12,3.145699569893168,1086.5460423942047,0.0,1086.5460423942047,1124,2025-03-18
2025-03-19,2025-03-19,1092.0759999999884,1093.1046270700942,8,8,6.558584675889506,1093.1046270700942,0.0,1093.1046270700942,1132,2025-03-19
2025-03-20,2025-03-20,1104.5119999999874,1104.5301529384944,8,14,11.4255258684002,1104.5301529384944,0.0,1104.5301529384944,1146,2025-03-20
2025-03-21,2025-03-21,1105.1839999999831,1107.261266333181,8,2,2.731113394686645,1107.261266333181,0.0,1107.261266333181,1148,2025-03-21
2025-03-22,2025-03-22,1106.0519999999794,1108.2262014707499,8,0,0.9649351375687729,1108.2262014707499,0.0,1108.2262014707499,1148,2025-03-22
2025-03-23,2025-03-23,1106.2679999999777,1107.1597596641618,8,2,-1.0664418065880454,1108.2262014707499,-0.09622961496242811,1107.1597596641618,1150,2025-03-23
2025-03-24,2025-03-24,1112.5719999999772,1112.8648113933227,8,8,5.705051729160914,1112.8648113933227,0.0,1112.8648113933227,1158,2025-03-24
2025-03-25,2025-03-25,1122.3439999999764,1123.0999040030579,8,6,10.235092609735148,1123.0999040030579,0.0,1123.0999040030579,1164,2025-03-25
2025-03-26,2025-03-26,1128.323999999974,1129.740224569319,8,2,6.640320566261153,1129.740224569319,0.0,1129.740224569319,1166,2025-03-26
2025-03-27,2025-03-27,1128.7199999999693,1130.6426856294845,8,4,0.9024610601654786,1130.6426856294845,0.0,1130.6426856294845,1170,2025-03-27
2025-03-28,2025-03-28,1132.091999999966,1132.5522210936952,8,4,1.9095354642106486,1132.5522210936952,0.0,1132.5522210936952,1174,2025-03-28
2025-03-29,2025-03-29,1127.5119999999588,1129.282499240255,8,0,-3.26972185344016,1132.5522210936952,-0.28870384893004053,1129.282499240255,1174,2025-03-29
2025-03-30,2025-03-30,1126.1839999999531,1127.7149869765215,8,0,-1.5675122637335335,1132.5522210936952,-0.42710914579306736,1127.7149869765215,1174,2025-03-30
2025-03-31,2025-03-31,1127.7399999999486,1127.7399999999486,8,16,0.025013023427163716,1132.5522210936952,-0.4249005921421806,1127.7399999999486,1190,2025-03-31
2025-04-01,2025-04-01,1135.1319999999457,1136.907019274139,8,2,9.167019274190352,1136.907019274139,0.0,1136.907019274139,1192,2025-04-01
2025-04-02,2025-04-02,1141.8239999999432,1141.7987576941584,8,12,4.891738420019465,1141.7987576941584,0.0,1141.7987576941584,1204,2025-04-02
2025-04-03,2025-04-03,1147.663999999939,1148.0087852538568,8,14,6.2100275596983465,1148.0087852538568,0.0,1148.0087852538568,1218,2025-04-03
2025-04-04,2025-04-04,1153.8839999999357,1154.9803099485487,8,6,6.97152469469188,1154.9803099485487,0.0,1154.9803099485487,1224,2025-04-04
2025-04-05,2025-04-05,1165.5159999999346,1166.695823137432,8,6,11.715513188883278,1166.695823137432,0.0,1166.695823137432,1230,2025-04-05
2025-04-06,2025-04-06,1164.5119999999308,1165.6682639028509,8,4,-1.0275592345810765,1166.695823137432,-0.08807430473332845,1165.6682639028509,1234,2025-04-06
2025-04-07,2025-04-07,1158.9199999999225,1159.4737862048514,8,8,-6.194477697999446,1166.695823137432,-0.6190162670814496,1159.4737862048514,1242,2025-04-07
2025-04-08,2025-04-08,1176.2799999999195,1176.5352227587282,8,10,17.061436553876774,1176.5352227587282,0.0,1176.5352227587282,1252,2025-04-08
2025-04-09,2025-04-09,1178.3159999999132,1178.6154032836014,8,8,2.0801805248731853,1178.6154032836014,0.0,1178.6154032836014,1260,2025-04-09
2025-04-10,2025-04-10,1195.1719999999111,1195.1719999999111,8,16,16.55659671630974,1195.1719999999111,0.0,1195.1719999999111,1276,2025-04-10
2025-04-11,2025-04-11,1197.6119999999064,1198.3756950379366,8,8,3.203695038025444,1198.3756950379366,0.0,1198.3756950379366,1284,2025-04-11
2025-04-12,2025-04-12,1206.5799999999056,1206.6940845779,8,6,8.318389539963391,1206.6940845779,0.0,1206.6940845779,1290,2025-04-12
2025-04-13,2025-04-13,1217.7759999999048,1219.771946150064,8,0,13.07786157216401,1219.771946150064,0.0,1219.771946150064,1290,2025-04-13
2025-04-14,2025-04-14,1221.9959999999,1223.0532138391525,8,10,3.2812676890885086,1223.0532138391525,0.0,1223.0532138391525,1300,2025-04-14
2025-04-15,2025-04-15,1228.0439999998969,1229.4532661619396,8,2,6.400052322787133,1229.4532661619396,0.0,1229.4532661619396,1302,2025-04-15
2025-04-16,2025-04-16,1224.9919999998901,1224.9394634705845,8,14,-4.5138026913550675,1229.4532661619396,-0.3671390215136916,1224.9394634705845,1316,2025-04-16
2025-04-17,2025-04-17,1232.051999999888,1232.9479367338715,8,2,8.008473263286987,1232.9479367338715,0.0,1232.9479367338715,1318,2025-04-17
2025-04-18,2025-04-18,1236.1719999998859,1236.4083436691303,8,6,3.4604069352587885,1236.4083436691303,0.0,1236.4083436691303,1324,2025-04-18
2025-04-19,2025-04-19,1238.4559999998849,1239.058172762272,8,0,2.6498290931417614,1239.058172762272,0.0,1239.058172762272,1324,2025-04-19
2025-04-20,2025-04-20,1242.255999999884,1243.5172866698285,8,2,4.459113907556457,1243.5172866698285,0.0,1243.5172866698285,1326,2025-04-20
2025-04-21,2025-04-21,1245.4799999998816,1245.4799999998816,8,16,1.9627133300530204,1245.4799999998816,0.0,1245.4799999998816,1342,2025-04-21
2025-04-22,2025-04-22,1246.4279999998776,1248.0154860827608,8,2,2.535486082879288,1248.0154860827608,0.0,1248.0154860827608,1344,2025-04-22
2025-04-23,2025-04-23,1261.0479999998781,1262.1159566151975,8,4,14.100470532436702,1262.1159566151975,0.0,1262.1159566151975,1348,2025-04-23
2025-04-24,2025-04-24,1265.8679999998756,1266.1709754072344,8,8,4.05501879203689,1266.1709754072344,0.0,1266.1709754072344,1356,2025-04-24
2025-04-25,2025-04-25,1269.527999999873,1271.6819630677728,8,2,5.510987660538376,1271.6819630677728,0.0,1271.6819630677728,1358,2025-04-25
2025-04-26,2025-04-26,1274.7959999998704,1276.1108498595263,8,4,4.428886791753484,1276.1108498595263,0.0,1276.1108498595263,1362,2025-04-26
2025-04-27,2025-04-27,1277.7559999998682,1278.6231182358495,8,8,2.5122683763231635,1278.6231182358495,0.0,1278.6231182358495,1370,2025-04-27
2025-04-28,2025-04-28,1279.3599999998653,1279.4532117043304,8,12,0.8300934684809818,1279.4532117043304,0.0,1279.4532117043304,1382,2025-04-28
2025-04-29,2025-04-29,1286.4319999998636,1288.0889167378516,8,4,8.635705033521162,1288.0889167378516,0.0,1288.0889167378516,1386,2025-04-29
2025-04-30,2025-04-30,1285.7839999998598,1287.615194363174,8,0,-0.47372237467766354,1288.0889167378516,-0.03677714857429165,1287.615194363174,1386,2025-04-30
2025-05-01,2025-05-01,1291.811999999859,1293.2790055679966,8,0,5.66381120482265,1293.2790055679966,0.0,1293.2790055679966,1386,2025-05-01
2025-05-02,2025-05-02,1299.619999999858,1301.2552064435067,8,2,7.976200875510131,1301.2552064435067,0.0,1301.2552064435067,1388,2025-05-02
2025-05-03,2025-05-03,1299.6039999998545,1300.9903577987125,8,0,-0.26484864479425596,1301.2552064435067,-0.020353320661680226,1300.9903577987125,1388,2025-05-03
2025-05-04,2025-05-04,1298.6239999998515,1299.013599146281,8,6,-1.9767586524314993,1301.2552064435067,-0.17226500121773564,1299.013599146281,1394,2025-05-04
2025-05-05,2025-05-05,1295.367999999847,1297.039723131787,8,0,-1.9738760144939533,1301.2552064435067,-0.3239551542883853,1297.039723131787,1394,2025-05-05
2025-05-06,2025-05-06,1299.0959999998436,1299.7560783536194,8,6,2.716355221832373,1301.2552064435067,-0.1152063086828786,1299.7560783536194,1400,2025-05-06
2025-05-07,2025-05-07,1304.983999999841,1306.447841517305,8,8,6.691763163685664,1306.447841517305,0.0,1306.447841517305,1408,2025-05-07
2025-05-08,2025-05-08,1305.4039999998372,1307.2477431204466,8,6,0.7999016031415067,1307.2477431204466,0.0,1307.2477431204466,1414,2025-05-08
2025-05-09,2025-05-09,1325.583999999839,1325.9037257215748,8,10,18.655982601128244,1325.9037257215748,0.0,1325.9037257215748,1424,2025-05-09
2025-05-10,2025-05-10,1333.8839999998368,1334.1658125968731,8,6,8.262086875298337,1334.1658125968731,0.0,1334.1658125968731,1430,2025-05-10
2025-05-11,2025-05-11,1349.3079999998374,1349.5857372290475,8,12,15.419924632174343,1349.5857372290475,0.0,1349.5857372290475,1442,2025-05-11
2025-05-12,2025-05-12,1353.4839999998342,1354.544190466332,8,10,4.95845323728463,1354.544190466332,0.0,1354.544190466332,1452,2025-05-12
2025-05-13,2025-05-13,1364.0919999998316,1364.0541928164669,8,14,9.510002350134755,1364.0541928164669,0.0,1364.0541928164669,1466,2025-05-13
2025-05-14,2025-05-14,1374.9199999998305,1375.8498861093406,8,4,11.795693292873693,1375.8498861093406,0.0,1375.8498861093406,1470,2025-05-14
2025-05-15,2025-05-15,1378.199999999827,1379.6219717803808,8,6,3.7720856710402586,1379.6219717803808,0.0,1379.6219717803808,1476,2025-05-15
2025-05-16,2025-05-16,1380.983999999822,1382.825127606013,8,4,3.203155825632166,1382.825127606013,0.0,1382.825127606013,1480,2025-05-16
2025-05-17,2025-05-17,1383.0679999998172,1383.0569388189906,8,14,0.2318112129776182,1383.0569388189906,0.0,1383.0569388189906,1494,2025-05-17
2025-05-18,2025-05-18,1385.3719999998139,1387.9989094432194,8,0,4.941970624228816,1387.9989094432194,0.0,1387.9989094432194,1494,2025-05-18
2025-05-19,2025-05-19,1399.3359999998133,1399.2890972766784,8,14,11.290187833458958,1399.2890972766784,0.0,1399.2890972766784,1508,2025-05-19
2025-05-20,2025-05-20,1404.5679999998097,1405.4684717033956,8,2,6.1793744267172315,1405.4684717033956,0.0,1405.4684717033956,1510,2025-05-20
2025-05-21,2025-05-21,1407.927999999806,1409.0733867541858,8,2,3.6049150507901686,1409.0733867541858,0.0,1409.0733867541858,1512,2025-05-21
2025-05-22,2025-05-22,1421.7079999998052,1423.352745861247,8,6,14.279359107061282,1423.352745861247,0.0,1423.352745861247,1518,2025-05-22
2025-05-23,2025-05-23,1429.0679999998042,1431.1416744451944,8,2,7.788928583947381,1431.1416744451944,0.0,1431.1416744451944,1520,2025-05-23
2025-05-24,2025-05-24,1430.839999999798,1431.1427884729899,8,8,0.0011140277954382327,1431.1427884729899,0.0,1431.1427884729899,1528,2025-05-24
2025-05-25,2025-05-25,1432.5239999997948,1432.5239999997948,8,16,1.3812115268049183,1432.5239999997948,0.0,1432.5239999997948,1544,2025-05-25
2025-05-26,2025-05-26,1437.6559999997937,1438.9340266431761,8,6,6.410026643381343,1438.9340266431761,0.0,1438.9340266431761,1550,2025-05-26
2025-05-27,2025-05-27,1437.2039999997905,1437.395959162967,8,6,-1.5380674802090653,1438.9340266431761,-0.10688936752695695,1437.395959162967,1556,2025-05-27
2025-05-28,2025-05-28,1442.323999999789,1443.0180696284808,8,6,5.622110465513742,1443.0180696284808,0.0,1443.0180696284808,1562,2025-05-28
2025-05-29,2025-05-29,1445.6039999997856,1445.6039999997856,8,16,2.585930371304812,1445.6039999997856,0.0,1445.6039999997856,1578,2025-05-29
2025-05-30,2025-05-30,1440.5759999997783,1440.5759999997783,8,16,-5.028000000007296,1445.6039999997856,-0.3478130940429081,1440.5759999997783,1594,2025-05-30
2025-05-31,2025-05-31,1442.1559999997746,1442.1785527253849,8,14,1.6025527256065288,1445.6039999997856,-0.23695612867709795,1442.1785527253849,1608,2025-05-31
2025-06-01,2025-06-01,1446.883999999772,1446.9196236478472,8,4,4.741070922462313,1446.9196236478472,0.0,1446.9196236478472,1612,2025-06-01
2025-06-02,2025-06-02,1450.2919999997698,1451.0700584615972,8,2,4.150434813750053,1451.0700584615972,0.0,1451.0700584615972,1614,2025-06-02
2025-06-03,2025-06-03,1454.9519999997678,1456.4728045185539,8,8,5.40274605695663,1456.4728045185539,0.0,1456.4728045185539,1622,2025-06-03
2025-06-04,2025-06-04,1457.415999999764,1458.5033811168955,8,4,2.0305765983416677,1458.5033811168955,0.0,1458.5033811168955,1626,2025-06-04
2025-06-05,2025-06-05,1455.6999999997602,1456.8076219947725,8,0,-1.695759122123036,1458.5033811168955,-0.1162670682891701,1456.8076219947725,1626,2025-06-05
2025-06-06,2025-06-06,1457.267999999756,1458.5277704731254,8,2,1.7201484783529395,1458.5277704731254,0.0,1458.5277704731254,1628,2025-06-06
2025-06-07,2025-06-07,1464.8119999997552,1466.581779026285,8,0,8.05400855315952,1466.581779026285,0.0,1466.581779026285,1628,2025-06-07
2025-06-08,2025-06-08,1469.6799999997543,1469.8544680625528,8,10,3.2726890362678205,1469.8544680625528,0.0,1469.8544680625528,1638,2025-06-08
2025-06-09,2025-06-09,1474.271999999753,1474.3917180908538,8,4,4.5372500283010595,1474.3917180908538,0.0,1474.3917180908538,1642,2025-06-09
2025-06-10,2025-06-10,1485.2159999997527,1486.2434933418454,8,4,11.851775250991523,1486.2434933418454,0.0,1486.2434933418454,1646,2025-06-10
2025-06-11,2025-06-11,1489.023999999749,1489.3589100296072,8,8,3.115416687761808,1489.3589100296072,0.0,1489.3589100296072,1654,2025-06-11
2025-06-12,2025-06-12,1489.4199999997445,1490.827957700346,8,0,1.469047670738746,1490.827957700346,0.0,1490.827957700346,1654,2025-06-12
2025-06-13,2025-06-13,1487.2759999997384,1487.2759999997384,8,16,-3.551957700607545,1490.827957700346,-0.2382540307391715,1487.2759999997384,1670,2025-06-13
2025-06-14,2025-06-14,1492.543999999736,1493.1560321260827,8,10,5.880032126344304,1493.1560321260827,0.0,1493.1560321260827,1680,2025-06-14
2025-06-15,2025-06-15,1491.3679999997323,1493.3851885055692,8,2,0.22915637948653966,1493.3851885055692,0.0,1493.3851885055692,1682,2025-06-15
2025-06-16,2025-06-16,1496.10799999973,1496.916725587992,8,2,3.531537082422801,1496.916725587992,0.0,1496.916725587992,1684,2025-06-16
2025-06-17,2025-06-17,1503.5599999997291,1505.6667427131592,8,2,8.750017125167233,1505.6667427131592,0.0,1505.6667427131592,1686,2025-06-17
2025-06-18,2025-06-18,1504.7359999997238,1505.9955480996687,8,10,0.3288053865094298,1505.9955480996687,0.0,1505.9955480996687,1696,2025-06-18
2025-06-19,2025-06-19,1505.5919999997197,1506.6030519085996,8,0,0.6075038089309146,1506.6030519085996,0.0,1506.6030519085996,1696,2025-06-19
2025-06-20,2025-06-20,1504.9799999997172,1506.9417795896477,8,0,0.33872768104811257,1506.9417795896477,0.0,1506.9417795896477,1696,2025-06-20
2025-06-21,2025-06-21,1505.387999999713,1507.1805786725688,8,0,0.23879908292110485,1507.1805786725688,0.0,1507.1805786725688,1696,2025-06-21
2025-06-22,2025-06-22,1507.2319999997092,1508.96468762741,8,6,1.7841089548412583,1508.96468762741,0.0,1508.96468762741,1702,2025-06-22
2025-06-23,2025-06-23,1510.6839999997055,1512.017926425554,8,0,3.053238798143866,1512.017926425554,0.0,1512.017926425554,1702,2025-06-23
2025-06-24,2025-06-24,1525.623999999705,1525.623999999705,8,14,13.606073574150969,1525.623999999705,0.0,1525.623999999705,1716,2025-06-24
2025-06-25,2025-06-25,1530.4679999997031,1532.1076577668762,8,6,6.48365776717128,1532.1076577668762,0.0,1532.1076577668762,1722,2025-06-25
2025-06-26,2025-06-26,1530.6239999996994,1532.0077923381803,8,0,-0.09986542869592085,1532.1076577668762,-0.006518173066341808,1532.0077923381803,1722,2025-06-26
2025-06-27,2025-06-27,1529.5839999996945,1529.5259974620835,8,14,-2.4817948760967283,1532.1076577668762,-0.16850384447236225,1529.5259974620835,1736,2025-06-27
2025-06-28,2025-06-28,1535.323999999693,1536.2831065264024,8,2,6.757109064318911,1536.2831065264024,0.0,1536.2831065264024,1738,2025-06-28
2025-06-29,2025-06-29,1539.3999999996922,1540.6878941885163,8,0,4.404787662113904,1540.6878941885163,0.0,1540.6878941885163,1738,2025-06-29
2025-06-30,2025-06-30,1542.4759999996909,1543.2480899087193,8,8,2.5601957202029553,1543.2480899087193,0.0,1543.2480899087193,1746,2025-06-30
2025-07-01,2025-07-01,1542.687999999686,1543.207241845266,8,0,-0.04084806345326797,1543.2480899087193,-0.002646888968816677,1543.207241845266,1746,2025-07-01
2025-07-02,2025-07-02,1536.6159999996796,1537.3843536497327,8,2,-5.822888195533324,1543.2480899087193,-0.37996070089634276,1537.3843536497327,1748,2025-07-02
2025-07-03,2025-07-03,1547.7679999996803,1548.6140267213618,8,0,11.229673071629122,1548.6140267213618,0.0,1548.6140267213618,1748,2025-07-03
2025-07-04,2025-07-04,1551.7159999996784,1552.9459204642515,8,0,4.331893742889633,1552.9459204642515,0.0,1552.9459204642515,1748,2025-07-04
2025-07-05,2025-07-05,1549.4359999996736,1551.0540109219737,8,0,-1.8919095422777445,1552.9459204642515,-0.12182713624130327,1551.0540109219737,1748,2025-07-05
2025-07-06,2025-07-06,1549.6639999996723,1551.9671837313172,8,0,0.9131728093434504,1552.9459204642515,-0.06302452133308686,1551.9671837313172,1748,2025-07-06
2025-07-07,2025-07-07,1555.4279999996716,1555.8402531118475,8,8,3.8730693805302963,1555.8402531118475,0.0,1555.8402531118475,1756,2025-07-07
2025-07-08,2025-07-08,1554.3559999996685,1555.669020827259,8,0,-0.171232284588541,1555.8402531118475,-0.0110057754480936,1555.669020827259,1756,2025-07-08
2025-07-09,2025-07-09,1558.763999999667,1560.2590562634932,8,0,4.590035436234302,1560.2590562634932,0.0,1560.2590562634932,1756,2025-07-09
2025-07-10,2025-07-10,1567.2959999996665,1567.5697636139532,8,8,7.310707350460007,1567.5697636139532,0.0,1567.5697636139532,1764,2025-07-10
2025-07-11,2025-07-11,1577.2639999996663,1577.7872111491067,8,10,10.217447535153497,1577.7872111491067,0.0,1577.7872111491067,1774,2025-07-11
2025-07-12,2025-07-12,1586.9999999996644,1588.0894460561822,8,2,10.302234907075444,1588.0894460561822,0.0,1588.0894460561822,1776,2025-07-12
2025-07-13,2025-07-13,1590.6599999996617,1592.7337043653429,8,0,4.644258309160705,1592.7337043653429,0.0,1592.7337043653429,1776,2025-07-13
2025-07-14,2025-07-14,1598.0199999996607,1599.5948369549892,8,2,6.861132589646331,1599.5948369549892,0.0,1599.5948369549892,1778,2025-07-14
2025-07-15,2025-07-15,1605.6079999996584,1605.6051432672396,8,12,6.01030631225035,1605.6051432672396,0.0,1605.6051432672396,1790,2025-07-15
2025-07-16,2025-07-16,1616.8599999996566,1618.6782787928591,8,2,13.073135525619591,1618.6782787928591,0.0,1618.6782787928591,1792,2025-07-16
2025-07-17,2025-07-17,1628.8599999996559,1629.25304026393,8,8,10.574761471070815,1629.25304026393,0.0,1629.25304026393,1800,2025-07-17
2025-07-18,2025-07-18,1641.479999999655,1641.7420720331495,8,14,12.489031769219537,1641.7420720331495,0.0,1641.7420720331495,1814,2025-07-18
2025-07-19,2025-07-19,1644.0119999996505,1645.0862800671073,8,6,3.344208033957784,1645.0862800671073,0.0,1645.0862800671073,1820,2025-07-19
2025-07-20,2025-07-20,1650.4759999996493,1652.4624661022895,8,2,7.376186035182172,1652.4624661022895,0.0,1652.4624661022895,1822,2025-07-20
2025-07-21,2025-07-21,1659.1799999996485,1659.255130549341,8,4,6.792664447051493,1659.255130549341,0.0,1659.255130549341,1826,2025-07-21
2025-07-22,2025-07-22,1668.3759999996464,1669.754753137541,8,4,10.499622588200054,1669.754753137541,0.0,1669.754753137541,1830,2025-07-22
2025-07-23,2025-07-23,1681.155999999645,1681.2968803196459,8,10,11.542127182104878,1681.2968803196459,0.0,1681.2968803196459,1840,2025-07-23
2025-07-24,2025-07-24,1683.4919999996398,1684.4506061197621,8,10,3.1537258001162627,1684.4506061197621,0.0,1684.4506061197621,1850,2025-07-24
2025-07-25,2025-07-25,1689.1799999996335,1689.1799999996335,8,16,4.729393879871395,1689.1799999996335,0.0,1689.1799999996335,1866,2025-07-25
2025-07-26,2025-07-26,1698.4919999996323,1699.7568843068602,8,2,10.576884307226692,1699.7568843068602,0.0,1699.7568843068602,1868,2025-07-26
2025-07-27,2025-07-27,1701.4639999996305,1702.8702465756642,8,0,3.1133622688039395,1702.8702465756642,0.0,1702.8702465756642,1868,2025-07-27
2025-07-28,2025-07-28,1708.2039999996296,1708.9521027204464,8,4,6.08185614478225,1708.9521027204464,0.0,1708.9521027204464,1872,2025-07-28
2025-07-29,2025-07-29,1706.8639999996235,1707.338742662964,8,4,-1.6133600574823959,1708.9521027204464,-0.0944063941238681,1707.338742662964,1876,2025-07-29
2025-07-30,2025-07-30,1710.0399999996196,1711.2430571574819,8,2,3.9043144945178483,1711.2430571574819,0.0,1711.2430571574819,1878,2025-07-30
2025-07-31,2025-07-31,1714.6639999996164,1715.61184869048,8,10,4.368791532998102,1715.61184869048,0.0,1715.61184869048,1888,2025-07-31
2025-08-01,2025-08-01,1714.11599999961,1714.388748167243,8,14,-1.223100523237008,1715.61184869048,-0.07129238027649414,1714.388748167243,1902,2025-08-01
2025-08-02,2025-08-02,1715.923999999605,1717.0722050011134,8,8,2.683456833870423,1717.0722050011134,0.0,1717.0722050011134,1910,2025-08-02
2025-08-03,2025-08-03,1716.067999999601,1717.9945347319644,8,2,0.922329730851061,1717.9945347319644,0.0,1717.9945347319644,1912,2025-08-03
2025-08-04,2025-08-04,1725.1079999996025,1725.5301178536042,8,14,7.535583121639775,1725.5301178536042,0.0,1725.5301178536042,1926,2025-08-04
2025-08-05,2025-08-05,1730.5719999996006,1731.8177103730727,8,2,6.28759251946849,1731.8177103730727,0.0,1731.8177103730727,1928,2025-08-05
2025-08-06,2025-08-06,1728.9119999995958,1729.5385815980953,8,4,-2.27912877497738,1731.8177103730727,-0.1316032721761694,1729.5385815980953,1932,2025-08-06
2025-08-07,2025-08-07,1734.319999999595,1734.8261026197947,8,0,5.287521021699376,1734.8261026197947,0.0,1734.8261026197947,1932,2025-08-07
2025-08-08,2025-08-08,1743.3679999995938,1744.0616386169756,8,10,9.235535997180932,1744.0616386169756,0.0,1744.0616386169756,1942,2025-08-08
2025-08-09,2025-08-09,1749.6119999995913,1750.2119612012764,8,0,6.1503225843007385,1750.2119612012764,0.0,1750.2119612012764,1942,2025-08-09
2025-08-10,2025-08-10,1756.9479999995895,1759.1489253220898,8,2,8.9369641208134,1759.1489253220898,0.0,1759.1489253220898,1944,2025-08-10
2025-08-11,2025-08-11,1760.8959999995875,1761.4551530985407,8,2,2.3062277764508963,1761.4551530985407,0.0,1761.4551530985407,1946,2025-08-11
2025-08-12,2025-08-12,1762.8759999995823,1764.6211929232957,8,4,3.1660398247549892,1764.6211929232957,0.0,1764.6211929232957,1950,2025-08-12
2025-08-13,2025-08-13,1774.439999999582,1775.5561841219992,8,4,10.934991198703528,1775.5561841219992,0.0,1775.5561841219992,1954,2025-08-13
2025-08-14,2025-08-14,1784.027999999581,1785.1634762692984,8,4,9.607292147299177,1785.1634762692984,0.0,1785.1634762692984,1958,2025-08-14
2025-08-15,2025-08-15,1787.1679999995758,1787.8793054356568,8,6,2.7158291663583896,1787.8793054356568,0.0,1787.8793054356568,1964,2025-08-15
2025-08-16,2025-08-16,1792.4919999995723,1794.1407332443357,8,6,6.261427808678945,1794.1407332443357,0.0,1794.1407332443357,1970,2025-08-16
2025-08-17,2025-08-17,1795.2799999995702,1795.7428598385325,8,6,1.6021265941967613,1795.7428598385325,0.0,1795.7428598385325,1976,2025-08-17
2025-08-18,2025-08-18,1800.731999999568,1801.1901025597442,8,12,5.447242721211751,1801.1901025597442,0.0,1801.1901025597442,1988,2025-08-18
2025-08-19,2025-08-19,1803.7239999995638,1805.4708423704421,8,2,4.2807398106979235,1805.4708423704421,0.0,1805.4708423704421,1990,2025-08-19
2025-08-20,2025-08-20,1800.9719999995582,1802.8314597954052,8,0,-2.6393825750369615,1805.4708423704421,-0.14618804763258644,1802.8314597954052,1990,2025-08-20
2025-08-21,2025-08-21,1813.431999999558,1814.2466577331943,8,4,11.415197937789117,1814.2466577331943,0.0,1814.2466577331943,1994,2025-08-21
2025-08-22,2025-08-22,1809.4399999995526,1810.7216128252487,8,0,-3.525044907945585,1814.2466577331943,-0.1942979965221456,1810.7216128252487,1994,2025-08-22
2025-08-23,2025-08-23,1820.1999999995521,1820.5640053207228,8,10,9.842392495474087,1820.5640053207228,0.0,1820.5640053207228,2004,2025-08-23
2025-08-24,2025-08-24,1824.8479999995498,1825.7413475731955,8,8,5.177342252472727,1825.7413475731955,0.0,1825.7413475731955,2012,2025-08-24
2025-08-25,2025-08-25,1826.9679999995462,1827.1216690422582,8,10,1.3803214690626646,1827.1216690422582,0.0,1827.1216690422582,2022,2025-08-25
2025-08-26,2025-08-26,1827.67199999954,1827.86962375191,8,8,0.7479547096518218,1827.86962375191,0.0,1827.86962375191,2030,2025-08-26
2025-08-27,2025-08-27,1836.8239999995394,1837.067889373647,8,12,9.198265621736937,1837.067889373647,0.0,1837.067889373647,2042,2025-08-27
2025-08-28,2025-08-28,1839.9319999995362,1840.2179769908073,8,4,3.1500876171603522,1840.2179769908073,0.0,1840.2179769908073,2046,2025-08-28
2025-08-29,2025-08-29,1846.1079999995343,1847.0612537020293,8,8,6.843276711221961,1847.0612537020293,0.0,1847.0612537020293,2054,2025-08-29
2025-08-30,2025-08-30,1846.835999999529,1848.0012150088326,8,2,0.9399613068032977,1848.0012150088326,0.0,1848.0012150088326,2056,2025-08-30
2025-08-31,2025-08-31,1852.3239999995278,1852.5968370512912,8,14,4.595622042458672,1852.5968370512912,0.0,1852.5968370512912,2070,2025-08-31
2025-09-01,2025-09-01,1850.159999999524,1850.2621196599243,8,8,-2.334717391366894,1852.5968370512912,-0.12602404066947323,1850.2621196599243,2078,2025-09-01
2025-09-02,2025-09-02,1850.8879999995186,1851.4342397574824,8,10,1.172120097558036,1852.5968370512912,-0.06275500802750589,1851.4342397574824,2088,2025-09-02
2025-09-03,2025-09-03,1861.107999999518,1861.8749841038277,8,4,10.440744346345355,1861.8749841038277,0.0,1861.8749841038277,2092,2025-09-03
2025-09-04,2025-09-04,1865.4479999995172,1866.505117119445,8,0,4.630133015617275,1866.505117119445,0.0,1866.505117119445,2092,2025-09-04
2025-09-05,2025-09-05,1861.523999999511,1861.6159570374361,8,10,-4.889160082008857,1866.505117119445,-0.2619419597174338,1861.6159570374361,2102,2025-09-05
2025-09-06,2025-09-06,1869.4239999995102,1870.6565656714442,8,0,9.040608634008095,1870.6565656714442,0.0,1870.6565656714442,2102,2025-09-06
2025-09-07,2025-09-07,1868.5599999995081,1870.29851043743,8,0,-0.3580552340142731,1870.6565656714442,-0.019140618357477844,1870.29851043743,2102,2025-09-07
2025-09-08,2025-09-08,1873.543999999508,1874.6849588873577,8,2,4.386448449927684,1874.6849588873577,0.0,1874.6849588873577,2104,2025-09-08
2025-09-09,2025-09-09,1879.743999999507,1880.3256103241424,8,6,5.640651436784765,1880.3256103241424,0.0,1880.3256103241424,2110,2025-09-09
2025-09-10,2025-09-10,1882.887999999505,1883.2870570322757,8,6,2.9614467081332805,1883.2870570322757,0.0,1883.2870570322757,2116,2025-09-10
2025-09-11,2025-09-11,1890.603999999504,1892.1070515447914,8,2,8.819994512515677,1892.1070515447914,0.0,1892.1070515447914,2118,2025-09-11
2025-09-12,2025-09-12,1898.3439999995037,1899.182294357545,8,8,7.075242812753686,1899.182294357545,0.0,1899.182294357545,2126,2025-09-12
2025-09-13,2025-09-13,1904.8879999995022,1905.959797455863,8,6,6.777503098317993,1905.959797455863,0.0,1905.959797455863,2132,2025-09-13
2025-09-14,2025-09-14,1908.4919999995006,1909.8468643874382,8,2,3.887066931575191,1909.8468643874382,0.0,1909.8468643874382,2134,2025-09-14
2025-09-15,2025-09-15,1909.807999999497,1910.482326963614,8,2,0.6354625761757688,1910.482326963614,0.0,1910.482326963614,2136,2025-09-15
2025-09-16,2025-09-16,1914.1919999994948,1914.6135703463024,8,4,4.1312433826883534,1914.6135703463024,0.0,1914.6135703463024,2140,2025-09-16
2025-09-17,2025-09-17,1917.3599999994935,1918.3407216052328,8,2,3.727151258930462,1918.3407216052328,0.0,1918.3407216052328,2142,2025-09-17
2025-09-18,2025-09-18,1921.4559999994906,1922.2136019119837,8,4,3.872880306750858,1922.2136019119837,0.0,1922.2136019119837,2146,2025-09-18
2025-09-19,2025-09-19,1925.7599999994886,1927.372210697313,8,4,5.158608785329307,1927.372210697313,0.0,1927.372210697313,2150,2025-09-19
2025-09-20,2025-09-20,1921.9279999994826,1923.9000539170966,8,2,-3.4721567802164373,1927.372210697313,-0.18014977911091856,1923.9000539170966,2152,2025-09-20
2025-09-21,2025-09-21,1924.2799999994809,1925.7407254787702,8,4,1.8406715616736165,1927.372210697313,-0.08464816549121865,1925.7407254787702,2156,2025-09-21
2025-09-22,2025-09-22,1922.9319999994775,1922.9319999994775,8,16,-2.8087254792926615,1927.372210697313,-0.23037639918181851,1922.9319999994775,2172,2025-09-22
2025-09-23,2025-09-23,1923.923999999472,1924.3808342055102,8,6,1.4488342060326431,1927.372210697313,-0.15520491969325298,1924.3808342055102,2178,2025-09-23
2025-09-24,2025-09-24,1927.0199999994684,1928.275034380909,8,2,3.894200175398737,1928.275034380909,0.0,1928.275034380909,2180,2025-09-24
2025-09-25,2025-09-25,1931.8399999994658,1932.1568942524455,8,12,3.8818598715365624,1932.1568942524455,0.0,1932.1568942524455,2192,2025-09-25
2025-09-26,2025-09-26,1930.2919999994588,1931.6678995030948,8,8,-0.4889947493506952,1932.1568942524455,-0.025308231997375558,1931.6678995030948,2200,2025-09-26
2025-09-27,2025-09-27,1936.3879999994572,1938.098477422925,8,2,6.430577919830284,1938.098477422925,0.0,1938.098477422925,2202,2025-09-27
2025-09-28,2025-09-28,1936.499999999455,1937.477857442191,8,2,-0.6206199807340909,1938.098477422925,-0.032022107646424894,1937.477857442191,2204,2025-09-28
2025-09-29,2025-09-29,1942.883999999454,1943.3147660583977,8,6,5.836908616206756,1943.3147660583977,0.0,1943.3147660583977,2210,2025-09-29
2025-09-30,2025-09-30,1946.2559999994508,1946.727940490544,8,12,3.4131744321462065,1946.727940490544,0.0,1946.727940490544,2222,2025-09-30
2025-10-01,2025-10-01,1945.7679999994464,1946.5614245435638,8,4,-0.1665159469800983,1946.727940490544,-0.008553632149448627,1946.5614245435638,2226,2025-10-01
2025-10-02,2025-10-02,1954.3799999994455,1955.5768909750957,8,4,9.015466431531877,1955.5768909750957,0.0,1955.5768909750957,2230,2025-10-02
2025-10-03,2025-10-03,1963.5199999994445,1963.6695777608106,8,10,8.092686785714932,1963.6695777608106,0.0,1963.6695777608106,2240,2025-10-03
