data,timestamp,capital_livre,capital_total,posicoes_ativas,trades_do_dia,daily_pnl,capital_peak,drawdown_pct,capital_acumulado,date
2024-10-04,2024-10-04,35.0,35.0,0,0,0.0,35.0,0.0,35.0,2024-10-04
2024-10-05,2024-10-05,35.0,35.0,0,0,0.0,35.0,0.0,35.0,2024-10-05
2024-10-06,2024-10-06,22.54,22.57759249479442,3,5,-12.42240750520558,35.0,-35.49259287201594,22.57759249479442,2024-10-06
2024-10-07,2024-10-07,3.136000000000003,3.136000000000003,8,8,-19.441592494794417,35.0,-91.03999999999999,3.136000000000003,2024-10-07
2024-10-08,2024-10-08,2.2040000000000077,2.2040000000000077,8,8,-0.931999999999995,35.0,-93.70285714285713,2.2040000000000077,2024-10-08
2024-10-09,2024-10-09,16.90400000000001,17.181505282922195,4,0,14.977505282922188,35.0,-50.90998490593659,17.181505282922195,2024-10-09
2024-10-10,2024-10-10,31.69600000000002,31.69600000000002,0,0,14.514494717077824,35.0,-9.439999999999944,31.69600000000002,2024-10-10
2024-10-11,2024-10-11,6.856000000000025,7.316352100016945,6,1,-24.379647899983073,35.0,-79.09613685709444,7.316352100016945,2024-10-11
2024-10-12,2024-10-12,23.680000000000025,23.810201069522904,3,0,16.493848969505958,35.0,-31.970854087077416,23.810201069522904,2024-10-12
2024-10-13,2024-10-13,20.116000000000028,20.71833307267955,4,0,-3.091867996843355,35.0,-40.804762649487,20.71833307267955,2024-10-13
2024-10-14,2024-10-14,33.54000000000004,33.54000000000004,0,8,12.821666927320493,35.0,-4.171428571428452,33.54000000000004,2024-10-14
2024-10-15,2024-10-15,30.216000000000044,30.34520775246519,1,0,-3.1947922475348527,35.0,-13.299406421528031,30.34520775246519,2024-10-15
2024-10-16,2024-10-16,32.65200000000005,32.65200000000005,0,0,2.3067922475348617,35.0,-6.708571428571283,32.65200000000005,2024-10-16
2024-10-17,2024-10-17,30.21200000000006,30.33710252734707,1,0,-2.31489747265298,35.0,-13.322564207579799,30.33710252734707,2024-10-17
2024-10-18,2024-10-18,0.45200000000006924,0.45200000000006924,8,8,-29.885102527347,35.0,-98.70857142857123,0.45200000000006924,2024-10-18
2024-10-19,2024-10-19,23.472000000000076,23.83427240540606,3,0,23.382272405405992,35.0,-31.90207884169697,23.83427240540606,2024-10-19
2024-10-20,2024-10-20,20.24000000000008,20.25306555030451,4,1,-3.581206855101552,35.0,-42.1340984277014,20.25306555030451,2024-10-20
2024-10-21,2024-10-21,15.352000000000087,16.33104585132873,6,2,-3.9220196989757774,35.0,-53.33986899620362,16.33104585132873,2024-10-21
2024-10-22,2024-10-22,38.9480000000001,38.9480000000001,0,2,22.61695414867137,38.9480000000001,0.0,38.9480000000001,2024-10-22
2024-10-23,2024-10-23,30.096000000000107,30.2087047034726,2,0,-8.739295296527501,38.9480000000001,-22.438367301344044,30.2087047034726,2024-10-23
2024-10-24,2024-10-24,26.772000000000112,27.963882602073447,3,5,-2.2448221013991514,38.9480000000001,-28.202006259439827,27.963882602073447,2024-10-24
2024-10-25,2024-10-25,28.17200000000012,28.308914892187524,3,2,0.34503229011407655,38.9480000000001,-27.31612690719048,28.308914892187524,2024-10-25
2024-10-26,2024-10-26,38.41200000000013,38.41200000000013,0,0,10.103085107812603,38.9480000000001,-1.3761938995583125,38.41200000000013,2024-10-26
2024-10-27,2024-10-27,20.10000000000013,20.474701116051296,5,0,-17.93729888394883,38.9480000000001,-47.430673934345165,20.474701116051296,2024-10-27
2024-10-28,2024-10-28,39.20000000000014,39.16898022489351,1,2,18.694279108842213,39.16898022489351,0.0,39.16898022489351,2024-10-28
2024-10-29,2024-10-29,22.980000000000143,23.84722847754329,5,1,-15.32175174735022,39.16898022489351,-39.11705553572878,23.84722847754329,2024-10-29
2024-10-30,2024-10-30,47.25200000000016,47.25200000000016,0,0,23.40477152245687,47.25200000000016,0.0,47.25200000000016,2024-10-30
2024-10-31,2024-10-31,38.83600000000019,38.8583730448982,2,2,-8.393626955101958,47.25200000000016,-17.763537956281066,38.8583730448982,2024-10-31
2024-11-01,2024-11-01,22.272000000000205,23.46535651851263,6,0,-15.393016526385573,47.25200000000016,-50.33997181386491,23.46535651851263,2024-11-01
2024-11-02,2024-11-02,25.54400000000023,27.035537184854707,6,1,3.570180666342079,47.25200000000016,-42.784353710203554,27.035537184854707,2024-11-02
2024-11-03,2024-11-03,38.24400000000024,38.46394076019479,3,1,11.42840357534008,47.25200000000016,-18.59827994541044,38.46394076019479,2024-11-03
2024-11-04,2024-11-04,40.48400000000027,40.42510177423216,2,4,1.9611610140373728,47.25200000000016,-14.447850304257967,40.42510177423216,2024-11-04
2024-11-05,2024-11-05,33.252000000000294,33.75564473411883,4,1,-6.669457040113329,47.25200000000016,-28.562505853469233,33.75564473411883,2024-11-05
2024-11-06,2024-11-06,53.89200000000031,53.89200000000031,0,0,20.136355265881477,53.89200000000031,0.0,53.89200000000031,2024-11-06
2024-11-07,2024-11-07,54.72400000000034,55.45408443725009,2,0,1.56208443724978,55.45408443725009,0.0,55.45408443725009,2024-11-07
2024-11-08,2024-11-08,61.61600000000036,62.06490449908048,1,0,6.610820061830388,62.06490449908048,0.0,62.06490449908048,2024-11-08
2024-11-09,2024-11-09,52.26800000000038,52.97179703651605,4,2,-9.093107462564426,62.06490449908048,-14.650965043697353,52.97179703651605,2024-11-09
2024-11-10,2024-11-10,54.02400000000039,54.743236134303885,4,0,1.7714390977878338,62.06490449908048,-11.796793089216896,54.743236134303885,2024-11-10
2024-11-11,2024-11-11,79.29200000000041,79.29200000000041,0,0,24.54876386569653,79.29200000000041,0.0,79.29200000000041,2024-11-11
2024-11-12,2024-11-12,83.83600000000047,83.85840268832307,1,7,4.566402688322654,83.85840268832307,0.0,83.85840268832307,2024-11-12
2024-11-13,2024-11-13,92.61200000000056,92.61200000000056,0,0,8.753597311677495,92.61200000000056,0.0,92.61200000000056,2024-11-13
2024-11-14,2024-11-14,95.79200000000066,95.79200000000066,0,0,3.180000000000092,95.79200000000066,0.0,95.79200000000066,2024-11-14
2024-11-15,2024-11-15,99.02800000000076,99.02800000000076,0,0,3.2360000000001037,99.02800000000076,0.0,99.02800000000076,2024-11-15
2024-11-16,2024-11-16,75.8480000000009,75.8480000000009,8,10,-23.179999999999865,99.02800000000076,-23.407521105141665,75.8480000000009,2024-11-16
2024-11-17,2024-11-17,112.28000000000101,112.28000000000101,0,0,36.432000000000116,112.28000000000101,0.0,112.28000000000101,2024-11-17
2024-11-18,2024-11-18,83.00000000000105,83.00000000000105,8,8,-29.27999999999996,112.28000000000101,-26.077662985393385,83.00000000000105,2024-11-18
2024-11-19,2024-11-19,119.51200000000117,119.51200000000117,0,0,36.512000000000114,119.51200000000117,0.0,119.51200000000117,2024-11-19
2024-11-20,2024-11-20,120.00400000000121,120.00400000000121,0,0,0.49200000000004707,120.00400000000121,0.0,120.00400000000121,2024-11-20
2024-11-21,2024-11-21,116.25200000000132,116.54782590089569,2,0,-3.4561740991055245,120.00400000000121,-2.8800490809518764,116.54782590089569,2024-11-21
2024-11-22,2024-11-22,125.78400000000144,126.01838803430978,2,6,9.470562133414091,126.01838803430978,0.0,126.01838803430978,2024-11-22
2024-11-23,2024-11-23,108.53600000000148,108.61630293834672,8,5,-17.40208509596306,126.01838803430978,-13.809163382747894,108.61630293834672,2024-11-23
2024-11-24,2024-11-24,139.1400000000014,139.25779335851024,1,1,30.64149042016352,139.25779335851024,0.0,139.25779335851024,2024-11-24
2024-11-25,2024-11-25,137.32000000000136,137.45309930871062,2,6,-1.8046940497996218,139.25779335851024,-1.2959375603156031,137.45309930871062,2024-11-25
2024-11-26,2024-11-26,146.43200000000127,146.43200000000127,0,0,8.978900691290647,146.43200000000127,0.0,146.43200000000127,2024-11-26
2024-11-27,2024-11-27,115.45200000000116,115.45200000000116,8,8,-30.980000000000103,146.43200000000127,-21.156577797202686,115.45200000000116,2024-11-27
2024-11-28,2024-11-28,124.4320000000011,125.21552521803159,8,8,9.763525218030424,146.43200000000127,-14.488960597389571,125.21552521803159,2024-11-28
2024-11-29,2024-11-29,145.34800000000078,145.66566640009924,3,1,20.450141182067654,146.43200000000127,-0.5233375217862349,145.66566640009924,2024-11-29
2024-11-30,2024-11-30,159.17200000000054,159.17200000000054,0,8,13.506333599901296,159.17200000000054,0.0,159.17200000000054,2024-11-30
2024-12-01,2024-12-01,159.74400000000028,159.74400000000028,0,0,0.5719999999997469,159.74400000000028,0.0,159.74400000000028,2024-12-01
2024-12-02,2024-12-02,126.27200000000008,126.27200000000008,8,8,-33.47200000000021,159.74400000000028,-20.953525641025735,126.27200000000008,2024-12-02
2024-12-03,2024-12-03,141.7839999999998,142.903062101259,5,3,16.63106210125892,159.74400000000028,-10.542454113294559,142.903062101259,2024-12-03
2024-12-04,2024-12-04,133.14799999999966,133.2812179241859,8,7,-9.621844177073086,159.74400000000028,-16.565743987764378,133.2812179241859,2024-12-04
2024-12-05,2024-12-05,164.38399999999933,164.43346289065914,1,7,31.152244966473233,164.43346289065914,0.0,164.43346289065914,2024-12-05
2024-12-06,2024-12-06,139.80399999999904,139.80399999999904,8,8,-24.629462890660108,164.43346289065914,-14.978376333920298,139.80399999999904,2024-12-06
2024-12-07,2024-12-07,142.41999999999874,143.63046961759068,8,4,3.8264696175916413,164.43346289065914,-12.651313733447017,143.63046961759068,2024-12-07
2024-12-08,2024-12-08,167.61199999999846,168.1447412106664,2,0,24.514271593075733,168.1447412106664,0.0,168.1447412106664,2024-12-08
2024-12-09,2024-12-09,175.55199999999817,175.55199999999817,0,8,7.407258789331763,175.55199999999817,0.0,175.55199999999817,2024-12-09
2024-12-10,2024-12-10,174.07999999999797,174.07999999999797,0,0,-1.4720000000002074,175.55199999999817,-0.838497994896226,174.07999999999797,2024-12-10
2024-12-11,2024-12-11,174.05199999999775,174.39719956849828,1,2,0.31719956850031394,175.55199999999817,-0.6578110369006935,174.39719956849828,2024-12-11
2024-12-12,2024-12-12,177.88399999999763,178.49219106735137,2,2,4.094991498853091,178.49219106735137,0.0,178.49219106735137,2024-12-12
2024-12-13,2024-12-13,177.57999999999737,177.71889451326535,3,0,-0.7732965540860164,178.49219106735137,-0.43323831113386047,177.71889451326535,2024-12-13
2024-12-14,2024-12-14,159.58799999999715,159.7885557369628,8,4,-17.930338776302563,178.49219106735137,-10.478685492370387,159.7885557369628,2024-12-14
2024-12-15,2024-12-15,183.07999999999686,183.05974226915058,2,6,23.271186532187784,183.05974226915058,0.0,183.05974226915058,2024-12-15
2024-12-16,2024-12-16,160.91599999999667,162.34698426138877,8,6,-20.712758007761806,183.05974226915058,-11.314753178942032,162.34698426138877,2024-12-16
2024-12-17,2024-12-17,192.1439999999964,192.1439999999964,0,0,29.797015738607627,192.1439999999964,0.0,192.1439999999964,2024-12-17
2024-12-18,2024-12-18,194.32399999999615,194.32399999999615,0,0,2.179999999999751,194.32399999999615,0.0,194.32399999999615,2024-12-18
2024-12-19,2024-12-19,194.28799999999598,194.28799999999598,0,0,-0.036000000000171894,194.32399999999615,-0.01852576110010735,194.28799999999598,2024-12-19
2024-12-20,2024-12-20,195.66399999999572,195.66399999999572,0,0,1.375999999999749,195.66399999999572,0.0,195.66399999999572,2024-12-20
2024-12-21,2024-12-21,192.7039999999955,193.20958955050787,2,6,-2.4544104494878525,195.66399999999572,-1.2544006304112694,193.20958955050787,2024-12-21
2024-12-22,2024-12-22,204.87199999999535,204.87199999999535,0,0,11.662410449487481,204.87199999999535,0.0,204.87199999999535,2024-12-22
2024-12-23,2024-12-23,202.66399999999504,202.66399999999504,0,0,-2.208000000000311,204.87199999999535,-1.0777461048851777,202.66399999999504,2024-12-23
2024-12-24,2024-12-24,185.79999999999475,185.71827543095804,4,4,-16.945724569036997,204.87199999999535,-9.349117775507509,185.71827543095804,2024-12-24
2024-12-25,2024-12-25,201.2119999999945,201.2119999999945,0,0,15.49372456903646,204.87199999999535,-1.786481315163093,201.2119999999945,2024-12-25
2024-12-26,2024-12-26,180.5439999999943,180.6695063259881,5,3,-20.54249367400641,204.87199999999535,-11.81347069097183,180.6695063259881,2024-12-26
2024-12-27,2024-12-27,167.15199999999405,167.67899466505492,8,0,-12.99051166093318,204.87199999999535,-18.154264777490962,167.67899466505492,2024-12-27
2024-12-28,2024-12-28,199.98799999999378,199.98799999999378,0,0,32.30900533493886,204.87199999999535,-2.3839275254801477,199.98799999999378,2024-12-28
2024-12-29,2024-12-29,191.0759999999936,191.56627295917812,3,2,-8.421727040815654,204.87199999999535,-6.494653754938466,191.56627295917812,2024-12-29
2024-12-30,2024-12-30,171.03999999999343,172.47460980627406,8,6,-19.09166315290406,204.87199999999535,-15.81347875440374,172.47460980627406,2024-12-30
2024-12-31,2024-12-31,203.3479999999932,203.3479999999932,0,0,30.873390193719132,204.87199999999535,-0.7438791050032194,203.3479999999932,2024-12-31
2025-01-01,2025-01-01,205.895999999993,205.895999999993,0,0,2.547999999999803,205.895999999993,0.0,205.895999999993,2025-01-01
2025-01-02,2025-01-02,200.8919999999928,201.63193533472568,2,6,-4.264064665267313,205.895999999993,-2.070979846751495,201.63193533472568,2025-01-02
2025-01-03,2025-01-03,193.49599999999262,193.9460230400993,5,3,-7.685912294626377,205.895999999993,-5.803889808395548,193.9460230400993,2025-01-03
2025-01-04,2025-01-04,214.8439999999925,215.00876516166016,2,2,21.06274212156086,215.00876516166016,0.0,215.00876516166016,2025-01-04
2025-01-05,2025-01-05,209.34799999999217,209.77740965297806,3,1,-5.2313555086821,215.00876516166016,-2.4330894160285808,209.77740965297806,2025-01-05
2025-01-06,2025-01-06,204.75999999999192,204.90565052284546,4,4,-4.871759130132602,215.00876516166016,-4.698931520870046,204.90565052284546,2025-01-06
2025-01-07,2025-01-07,217.09999999999175,217.4308523989486,2,6,12.525201876103125,217.4308523989486,0.0,217.4308523989486,2025-01-07
2025-01-08,2025-01-08,225.40799999999152,225.40799999999152,0,0,7.97714760104293,225.40799999999152,0.0,225.40799999999152,2025-01-08
2025-01-09,2025-01-09,192.8079999999912,193.73109372279444,8,0,-31.676906277197077,225.40799999999152,-14.053141981295369,193.73109372279444,2025-01-09
2025-01-10,2025-01-10,196.7119999999911,198.07930835457955,8,0,4.348214631785112,225.40799999999152,-12.124100140817093,198.07930835457955,2025-01-10
2025-01-11,2025-01-11,234.763999999991,234.763999999991,0,0,36.68469164541145,234.763999999991,0.0,234.763999999991,2025-01-11
2025-01-12,2025-01-12,235.90799999999084,235.99407388534547,1,0,1.2300738853544715,235.99407388534547,0.0,235.99407388534547,2025-01-12
2025-01-13,2025-01-13,238.43599999999063,238.43599999999063,0,0,2.441926114645156,238.43599999999063,0.0,238.43599999999063,2025-01-13
2025-01-14,2025-01-14,224.08799999999042,224.53378528899438,4,1,-13.902214710996248,238.43599999999063,-5.830585444730155,224.53378528899438,2025-01-14
2025-01-15,2025-01-15,235.26799999999025,235.5544930432574,2,0,11.020707754263015,238.43599999999063,-1.2085033118880313,235.5544930432574,2025-01-15
2025-01-16,2025-01-16,233.07999999998995,233.20248798226925,3,5,-2.352005060988148,238.43599999999063,-2.194933658391177,233.20248798226925,2025-01-16
2025-01-17,2025-01-17,245.07599999998985,245.40810142948104,1,0,12.205613447211789,245.40810142948104,0.0,245.40810142948104,2025-01-17
2025-01-18,2025-01-18,220.7039999999897,221.64686429458752,8,4,-23.76123713489352,245.40810142948104,-9.682336074679835,221.64686429458752,2025-01-18
2025-01-19,2025-01-19,226.28399999998945,226.79310520953365,8,6,5.146240914946134,245.40810142948104,-7.585322616293691,226.79310520953365,2025-01-19
2025-01-20,2025-01-20,262.32399999998927,262.32399999998927,0,0,35.53089479045562,262.32399999998927,0.0,262.32399999998927,2025-01-20
2025-01-21,2025-01-21,272.1199999999892,272.1199999999892,0,2,9.795999999999935,272.1199999999892,0.0,272.1199999999892,2025-01-21
2025-01-22,2025-01-22,244.02399999998931,244.07191732816528,8,9,-28.04808267182392,272.1199999999892,-10.307247784736525,244.07191732816528,2025-01-22
2025-01-23,2025-01-23,270.5279999999893,270.6548957840438,1,0,26.582978455878504,272.1199999999892,-0.5384037248072447,270.6548957840438,2025-01-23
2025-01-24,2025-01-24,272.9639999999893,272.9639999999893,0,0,2.309104215945524,272.9639999999893,0.0,272.9639999999893,2025-01-24
2025-01-25,2025-01-25,274.32799999998923,274.32799999998923,0,0,1.363999999999919,274.32799999998923,0.0,274.32799999998923,2025-01-25
2025-01-26,2025-01-26,269.5559999999891,269.89421805391646,1,0,-4.43378194607277,274.32799999998923,-1.6162338317900267,269.89421805391646,2025-01-26
2025-01-27,2025-01-27,272.5319999999891,272.5319999999891,0,0,2.637781946072664,274.32799999998923,-0.654690735178391,272.5319999999891,2025-01-27
2025-01-28,2025-01-28,259.8719999999889,260.72396092869144,4,4,-11.808039071297685,274.32799999998923,-4.9590413925295,260.72396092869144,2025-01-28
2025-01-29,2025-01-29,245.16799999998887,245.16799999998887,8,8,-15.555960928702575,274.32799999998923,-10.62961126826336,245.16799999998887,2025-01-29
2025-01-30,2025-01-30,269.5079999999889,269.9817141525907,3,0,24.813714152601847,274.32799999998923,-1.5843391295816287,269.9817141525907,2025-01-30
2025-01-31,2025-01-31,277.563999999989,277.63368435348946,1,1,7.651970200898745,277.63368435348946,0.0,277.63368435348946,2025-01-31
2025-02-01,2025-02-01,250.87199999998893,250.87199999998893,8,8,-26.761684353500527,277.63368435348946,-9.639206573877738,250.87199999998893,2025-02-01
2025-02-02,2025-02-02,281.39999999998906,281.39999999998906,0,0,30.528000000000134,281.39999999998906,0.0,281.39999999998906,2025-02-02
2025-02-03,2025-02-03,278.45599999998933,278.45599999998933,0,8,-2.9439999999997326,281.39999999998906,-1.046197583510962,278.45599999998933,2025-02-03
2025-02-04,2025-02-04,284.5999999999893,284.5999999999893,0,0,6.143999999999949,284.5999999999893,0.0,284.5999999999893,2025-02-04
2025-02-05,2025-02-05,285.1719999999895,285.1719999999895,0,0,0.5720000000002301,285.1719999999895,0.0,285.1719999999895,2025-02-05
2025-02-06,2025-02-06,255.60799999998974,256.3675177645677,7,1,-28.8044822354218,285.1719999999895,-10.100739986893124,256.3675177645677,2025-02-06
2025-02-07,2025-02-07,288.1079999999899,288.1079999999899,0,0,31.740482235422178,288.1079999999899,0.0,288.1079999999899,2025-02-07
2025-02-08,2025-02-08,259.37999999998993,261.6342894098357,8,2,-26.473710590154212,288.1079999999899,-9.188814816025637,261.6342894098357,2025-02-08
2025-02-09,2025-02-09,281.60799999999034,281.90325940353154,2,0,20.268969993695862,288.1079999999899,-2.1536162121352302,281.90325940353154,2025-02-09
2025-02-10,2025-02-10,287.9399999999907,287.9399999999907,0,0,6.03674059645914,288.1079999999899,-0.05831146653311136,287.9399999999907,2025-02-10
2025-02-11,2025-02-11,260.6359999999907,262.10060172593745,8,6,-25.839398274053224,288.1079999999899,-9.026961512368052,262.10060172593745,2025-02-11
2025-02-12,2025-02-12,294.9399999999907,295.0831205274742,1,0,32.98251880153674,295.0831205274742,0.0,295.0831205274742,2025-02-12
2025-02-13,2025-02-13,294.15199999999055,294.8033816056322,3,2,-0.27973892184201077,295.0831205274742,-0.09480004188039119,294.8033816056322,2025-02-13
2025-02-14,2025-02-14,273.83999999999077,275.710378785476,8,2,-19.093002820156187,295.0831205274742,-6.565181263966763,275.710378785476,2025-02-14
2025-02-15,2025-02-15,310.1559999999909,310.1559999999909,0,0,34.445621214514915,310.1559999999909,0.0,310.1559999999909,2025-02-15
2025-02-16,2025-02-16,280.6719999999912,281.3197805902308,7,1,-28.836219409760133,310.1559999999909,-9.29732760603083,281.3197805902308,2025-02-16
2025-02-17,2025-02-17,307.38399999999143,307.38399999999143,0,0,26.064219409760653,310.1559999999909,-0.8937437934457374,307.38399999999143,2025-02-17
2025-02-18,2025-02-18,276.21999999999167,276.28625486568154,8,7,-31.09774513430989,310.1559999999909,-10.920228895881543,276.28625486568154,2025-02-18
2025-02-19,2025-02-19,279.1039999999919,280.03227427333303,7,1,3.746019407651488,310.1559999999909,-9.712443327441274,280.03227427333303,2025-02-19
2025-02-20,2025-02-20,277.20399999999205,278.91012710648454,8,4,-1.1221471668484924,310.1559999999909,-10.074244216944791,278.91012710648454,2025-02-20
2025-02-21,2025-02-21,302.2119999999923,302.287307351818,2,6,23.377180245333477,310.1559999999909,-2.5370112614855516,302.287307351818,2025-02-21
2025-02-22,2025-02-22,282.9199999999923,284.8430876211559,8,6,-17.4442197306621,310.1559999999909,-8.161348604842638,284.8430876211559,2025-02-22
2025-02-23,2025-02-23,311.36399999999225,311.4795626762509,2,0,26.63647505509499,311.4795626762509,0.0,311.4795626762509,2025-02-23
2025-02-24,2025-02-24,302.16799999999245,303.180130581988,4,0,-8.299432094262897,311.4795626762509,-2.664518988967907,303.180130581988,2025-02-24
2025-02-25,2025-02-25,316.32799999999276,316.32799999999276,0,0,13.147869418004746,316.32799999999276,0.0,316.32799999999276,2025-02-25
2025-02-26,2025-02-26,311.58799999999286,312.0256263597029,2,0,-4.302373640289829,316.32799999999276,-1.3600988974387118,312.0256263597029,2025-02-26
2025-02-27,2025-02-27,309.76799999999304,310.2817902647495,3,2,-1.7438360949534513,316.32799999999276,-1.9113735537933472,310.2817902647495,2025-02-27
2025-02-28,2025-02-28,325.73999999999313,325.73999999999313,0,0,15.458209735243656,325.73999999999313,0.0,325.73999999999313,2025-02-28
2025-03-01,2025-03-01,331.5839999999932,331.5839999999932,0,0,5.844000000000051,331.5839999999932,0.0,331.5839999999932,2025-03-01
2025-03-02,2025-03-02,302.7759999999932,303.5313981809707,8,6,-28.05260181902247,331.5839999999932,-8.4601795680802,303.5313981809707,2025-03-02
2025-03-03,2025-03-03,333.31199999999336,333.4530889086577,1,7,29.921690727687007,333.4530889086577,0.0,333.4530889086577,2025-03-03
2025-03-04,2025-03-04,306.4359999999935,306.4359999999935,8,8,-27.01708890866422,333.4530889086577,-8.102215816049906,306.4359999999935,2025-03-04
2025-03-05,2025-03-05,340.7879999999937,340.7879999999937,0,0,34.3520000000002,340.7879999999937,0.0,340.7879999999937,2025-03-05
2025-03-06,2025-03-06,321.35999999999393,322.1807919368772,5,3,-18.607208063116502,340.7879999999937,-5.460053776282277,322.1807919368772,2025-03-06
2025-03-07,2025-03-07,344.85999999999416,344.85999999999416,0,7,22.67920806311696,344.85999999999416,0.0,344.85999999999416,2025-03-07
2025-03-08,2025-03-08,344.63999999999436,344.63999999999436,0,0,-0.2199999999997999,344.85999999999416,-0.06379400336362687,344.63999999999436,2025-03-08
2025-03-09,2025-03-09,332.15599999999455,332.80651929324915,3,0,-11.833480706745206,344.85999999999416,-3.4951808579554635,332.80651929324915,2025-03-09
2025-03-10,2025-03-10,342.3039999999949,342.3039999999949,0,0,9.497480706745762,344.85999999999416,-0.7411703299887744,342.3039999999949,2025-03-10
2025-03-11,2025-03-11,340.99199999999524,340.99199999999524,0,8,-1.3119999999996708,344.85999999999416,-1.1216145682302907,340.99199999999524,2025-03-11
2025-03-12,2025-03-12,344.2639999999953,344.2639999999953,0,0,3.272000000000048,344.85999999999416,-0.172823754566745,344.2639999999953,2025-03-12
2025-03-13,2025-03-13,332.32799999999537,332.74724408681266,4,4,-11.516755913182635,344.85999999999416,-3.5123690521317945,332.74724408681266,2025-03-13
2025-03-14,2025-03-14,316.4519999999956,318.34795300553463,8,0,-14.399291081278022,344.85999999999416,-7.687770977921468,318.34795300553463,2025-03-14
2025-03-15,2025-03-15,355.38799999999554,355.38799999999554,0,0,37.04004699446091,355.38799999999554,0.0,355.38799999999554,2025-03-15
2025-03-16,2025-03-16,321.99599999999583,322.350632084082,8,6,-33.037367915913535,355.38799999999554,-9.296140532576775,322.350632084082,2025-03-16
2025-03-17,2025-03-17,352.5919999999962,352.5919999999962,0,0,30.241367915914168,355.38799999999554,-0.7867457539363745,352.5919999999962,2025-03-17
2025-03-18,2025-03-18,350.73999999999654,350.73999999999654,0,0,-1.8519999999996344,355.38799999999554,-1.3078663320086945,350.73999999999654,2025-03-18
2025-03-19,2025-03-19,321.1959999999967,322.57409818716786,8,6,-28.16590181282868,355.38799999999554,-9.233261059132017,322.57409818716786,2025-03-19
2025-03-20,2025-03-20,349.32799999999685,349.66629781214357,2,6,27.092199624975706,355.38799999999554,-1.6099874469177478,349.66629781214357,2025-03-20
2025-03-21,2025-03-21,325.2559999999972,327.06767261643876,8,4,-22.598625195704813,355.38799999999554,-7.968847395960793,327.06767261643876,2025-03-21
2025-03-22,2025-03-22,326.0119999999974,326.0119999999974,8,9,-1.0556726164413703,355.38799999999554,-8.2658953031612,326.0119999999974,2025-03-22
2025-03-23,2025-03-23,352.06799999999777,352.0976909786648,1,0,26.0856909786674,355.38799999999554,-0.9258357123287217,352.0976909786648,2025-03-23
2025-03-24,2025-03-24,326.2839999999978,326.4428426227945,8,8,-25.654848355870286,355.38799999999554,-8.144663685099498,326.4428426227945,2025-03-24
2025-03-25,2025-03-25,360.279999999998,360.279999999998,0,0,33.83715737720348,360.279999999998,0.0,360.279999999998,2025-03-25
2025-03-26,2025-03-26,333.331999999998,334.5761762336992,8,3,-25.703823766298797,360.279999999998,-7.134402066808855,334.5761762336992,2025-03-26
2025-03-27,2025-03-27,352.1119999999983,353.0003772327639,3,0,18.424200999064738,360.279999999998,-2.0205458996430834,353.0003772327639,2025-03-27
2025-03-28,2025-03-28,354.11999999999847,354.36562428200557,3,1,1.3652470492416455,360.279999999998,-1.6416053397336645,354.36562428200557,2025-03-28
2025-03-29,2025-03-29,352.6479999999987,352.7349530897098,3,0,-1.6306711922957788,360.279999999998,-2.0942175281137545,352.7349530897098,2025-03-29
2025-03-30,2025-03-30,355.611999999999,356.3131400855032,2,0,3.5781869957934305,360.279999999998,-1.1010491602350352,356.3131400855032,2025-03-30
2025-03-31,2025-03-31,363.47199999999924,363.47199999999924,0,0,7.15885991449602,363.47199999999924,0.0,363.47199999999924,2025-03-31
2025-04-01,2025-04-01,342.7119999999995,344.11784876709754,5,0,-19.3541512329017,363.47199999999924,-5.32479839792384,344.11784876709754,2025-04-01
2025-04-02,2025-04-02,362.71999999999986,362.71999999999986,0,8,18.602151232902315,363.47199999999924,-0.2068935158690039,362.71999999999986,2025-04-02
2025-04-03,2025-04-03,337.4959999999997,338.2653806355115,8,12,-24.454619364488337,363.47199999999924,-6.9349549248601745,338.2653806355115,2025-04-03
2025-04-04,2025-04-04,349.26399999999995,350.0638909577293,5,3,11.798510322217794,363.47199999999924,-3.6888973682346795,350.0638909577293,2025-04-04
2025-04-05,2025-04-05,351.3640000000001,352.17381606749825,5,0,2.1099251097689375,363.47199999999924,-3.1084055807602824,352.17381606749825,2025-04-05
2025-04-06,2025-04-06,340.04000000000025,341.0130285477329,8,6,-11.160787519765336,363.47199999999924,-6.179010061921241,341.0130285477329,2025-04-06
2025-04-07,2025-04-07,370.5680000000005,370.5680000000005,0,0,29.55497145226758,370.5680000000005,0.0,370.5680000000005,2025-04-07
2025-04-08,2025-04-08,377.58400000000046,377.58400000000046,0,0,7.015999999999963,377.58400000000046,0.0,377.58400000000046,2025-04-08
2025-04-09,2025-04-09,376.1800000000008,376.1800000000008,0,0,-1.4039999999996553,377.58400000000046,-0.3718377897367615,376.1800000000008,2025-04-09
2025-04-10,2025-04-10,347.54400000000084,347.54400000000084,8,8,-28.635999999999967,377.58400000000046,-7.955845586677292,347.54400000000084,2025-04-10
2025-04-11,2025-04-11,376.47200000000106,376.7256377452104,1,1,29.18163774520957,377.58400000000046,-0.2273301450246967,376.7256377452104,2025-04-11
2025-04-12,2025-04-12,385.2480000000011,385.2480000000011,0,0,8.522362254790721,385.2480000000011,0.0,385.2480000000011,2025-04-12
2025-04-13,2025-04-13,371.65600000000103,372.6584840770215,5,0,-12.589515922979615,385.2480000000011,-3.2678990995357737,372.6584840770215,2025-04-13
2025-04-14,2025-04-14,389.72400000000135,389.72400000000135,0,0,17.06551592297984,389.72400000000135,0.0,389.72400000000135,2025-04-14
2025-04-15,2025-04-15,380.4440000000015,381.16603415418297,3,0,-8.557965845818387,389.72400000000135,-2.1959042414165815,381.16603415418297,2025-04-15
2025-04-16,2025-04-16,392.12000000000177,392.12000000000177,0,0,10.9539658458188,392.12000000000177,0.0,392.12000000000177,2025-04-16
2025-04-17,2025-04-17,389.91200000000214,389.91200000000214,0,0,-2.207999999999629,392.12000000000177,-0.563092930735392,389.91200000000214,2025-04-17
2025-04-18,2025-04-18,383.8520000000022,383.9314236613629,2,0,-5.980576338639253,392.12000000000177,-2.0882832649798138,383.9314236613629,2025-04-18
2025-04-19,2025-04-19,376.3560000000023,376.6815460059223,4,1,-7.249877655440571,392.12000000000177,-3.9371758630213667,376.6815460059223,2025-04-19
2025-04-20,2025-04-20,361.92800000000244,363.2434249883885,8,2,-13.438121017533831,392.12000000000177,-7.36421886453462,363.2434249883885,2025-04-20
2025-04-21,2025-04-21,360.97200000000277,360.97200000000277,8,9,-2.271424988385718,392.12000000000177,-7.943486687748358,360.97200000000277,2025-04-21
2025-04-22,2025-04-22,370.44000000000295,371.60658407744444,6,2,10.634584077441673,392.12000000000177,-5.231412813056522,371.60658407744444,2025-04-22
2025-04-23,2025-04-23,390.4320000000029,390.99171694203204,3,1,19.385132864587604,392.12000000000177,-0.28773922726964185,390.99171694203204,2025-04-23
2025-04-24,2025-04-24,400.4280000000031,400.39818436004356,1,2,9.406467418011516,400.39818436004356,0.0,400.39818436004356,2025-04-24
2025-04-25,2025-04-25,391.8400000000034,392.57861311980247,3,0,-7.819571240241089,400.39818436004356,-1.9529487259636582,392.57861311980247,2025-04-25
2025-04-26,2025-04-26,371.8840000000036,372.9614239152752,8,5,-19.61718920452728,400.39818436004356,-6.8523688459328405,372.9614239152752,2025-04-26
2025-04-27,2025-04-27,372.82400000000376,372.82400000000376,8,9,-0.13742391527142672,400.39818436004356,-6.88669065872804,372.82400000000376,2025-04-27
2025-04-28,2025-04-28,399.85600000000414,399.90576362279586,1,0,27.081763622792096,400.39818436004356,-0.12298275978317301,399.90576362279586,2025-04-28
2025-04-29,2025-04-29,402.2920000000044,402.2920000000044,0,0,2.3862363772085473,402.2920000000044,0.0,402.2920000000044,2025-04-29
2025-04-30,2025-04-30,400.8080000000047,400.8080000000047,0,0,-1.4839999999996962,402.2920000000044,-0.3688862816063158,400.8080000000047,2025-04-30
2025-05-01,2025-05-01,367.78400000000494,369.5302066515094,8,0,-31.277793348495322,402.2920000000044,-8.143784452212488,369.5302066515094,2025-05-01
2025-05-02,2025-05-02,388.9400000000049,390.0478083205251,4,0,20.517601669015733,402.2920000000044,-3.04360804576754,390.0478083205251,2025-05-02
2025-05-03,2025-05-03,392.6280000000051,392.77569947800254,3,0,2.7278911574774156,402.2920000000044,-2.365520696907163,392.77569947800254,2025-05-03
2025-05-04,2025-05-04,399.06400000000536,399.13949438803314,1,0,6.363794910030606,402.2920000000044,-0.7836361677515908,399.13949438803314,2025-05-04
2025-05-05,2025-05-05,401.7760000000056,401.7760000000056,0,0,2.6365056119724386,402.2920000000044,-0.12826504131298166,401.7760000000056,2025-05-05
2025-05-06,2025-05-06,394.36000000000575,394.6616385058478,2,0,-7.114361494157777,402.2920000000044,-1.8967221555876126,394.6616385058478,2025-05-06
2025-05-07,2025-05-07,373.90800000000576,375.48481773437015,8,8,-19.17682077147765,402.2920000000044,-6.663613063554323,375.48481773437015,2025-05-07
2025-05-08,2025-05-08,372.964000000006,375.2648740571599,8,0,-0.2199436772102672,402.2920000000044,-6.718285708600774,375.2648740571599,2025-05-08
2025-05-09,2025-05-09,410.7000000000057,410.89102600507294,2,6,35.62615194791306,410.89102600507294,0.0,410.89102600507294,2025-05-09
2025-05-10,2025-05-10,400.5360000000058,400.6874545095673,5,3,-10.203571495505628,410.89102600507294,-2.483279227271236,400.6874545095673,2025-05-10
2025-05-11,2025-05-11,422.05600000000567,422.3337372292157,2,6,21.64628271964841,422.3337372292157,0.0,422.3337372292157,2025-05-11
2025-05-12,2025-05-12,429.73200000000594,429.73200000000594,0,0,7.398262770790211,429.73200000000594,0.0,429.73200000000594,2025-05-12
2025-05-13,2025-05-13,396.2600000000062,396.2600000000062,8,8,-33.47199999999975,429.73200000000594,-7.789040611357612,396.2600000000062,2025-05-13
2025-05-14,2025-05-14,413.3120000000062,414.04308362057213,5,3,17.783083620565947,429.73200000000594,-3.650860624629674,414.04308362057213,2025-05-14
2025-05-15,2025-05-15,403.7800000000063,405.19116405667256,8,6,-8.851919563899571,429.73200000000594,-5.710730395533272,405.19116405667256,2025-05-15
2025-05-16,2025-05-16,406.5920000000064,406.5920000000064,8,8,1.4008359433338455,429.73200000000594,-5.3847514264702685,406.5920000000064,2025-05-16
2025-05-17,2025-05-17,438.4400000000067,438.4400000000067,0,8,31.848000000000297,438.4400000000067,0.0,438.4400000000067,2025-05-17
2025-05-18,2025-05-18,405.06000000000694,407.6041834504662,8,0,-30.835816549540482,438.4400000000067,-7.0330755746601605,407.6041834504662,2025-05-18
2025-05-19,2025-05-19,411.37600000000685,411.37600000000685,8,8,3.771816549540631,438.4400000000067,-6.172794453060724,411.37600000000685,2025-05-19
2025-05-20,2025-05-20,412.3840000000071,413.0175732315509,8,7,1.6415732315440437,438.4400000000067,-5.798382165964652,413.0175732315509,2025-05-20
2025-05-21,2025-05-21,430.3800000000073,430.69679182514136,4,1,17.679218593590463,438.4400000000067,-1.7660816017847882,430.69679182514136,2025-05-21
2025-05-22,2025-05-22,451.9720000000073,451.9720000000073,0,0,21.275208174865952,451.9720000000073,0.0,451.9720000000073,2025-05-22
2025-05-23,2025-05-23,421.9000000000074,423.7786155962574,8,4,-28.193384403749917,451.9720000000073,-6.2378608417666275,423.7786155962574,2025-05-23
2025-05-24,2025-05-24,424.4600000000075,424.4600000000075,8,8,0.6813844037500871,451.9720000000073,-6.087102740877618,424.4600000000075,2025-05-24
2025-05-25,2025-05-25,459.1000000000076,459.1000000000076,0,2,34.6400000000001,459.1000000000076,0.0,459.1000000000076,2025-05-25
2025-05-26,2025-05-26,427.9600000000077,429.10754213566986,8,6,-29.992457864337723,459.1000000000076,-6.532881259929694,429.10754213566986,2025-05-26
2025-05-27,2025-05-27,435.66000000000787,436.0713784527174,6,1,6.963836317047537,459.1000000000076,-5.016036059091658,436.0713784527174,2025-05-27
2025-05-28,2025-05-28,459.3800000000079,459.45769672379606,1,0,23.386318271078665,459.45769672379606,0.0,459.45769672379606,2025-05-28
2025-05-29,2025-05-29,434.7560000000079,434.7560000000079,8,12,-24.70169672378819,459.45769672379606,-5.376272266179418,434.7560000000079,2025-05-29
2025-05-30,2025-05-30,464.90400000000824,464.90400000000824,0,3,30.148000000000366,464.90400000000824,0.0,464.90400000000824,2025-05-30
2025-05-31,2025-05-31,463.42000000000854,463.42000000000854,0,0,-1.4839999999996962,464.90400000000824,-0.31920568547477973,463.42000000000854,2025-05-31
2025-06-01,2025-06-01,455.4160000000085,455.7820611240381,3,0,-7.6379388759704625,464.90400000000824,-1.9621123664175824,455.7820611240381,2025-06-01
2025-06-02,2025-06-02,435.82800000000867,437.20277388029757,8,2,-18.57928724374051,464.90400000000824,-5.958483067409654,437.20277388029757,2025-06-02
2025-06-03,2025-06-03,439.8360000000086,440.92365788839675,8,8,3.7208840080991763,464.90400000000824,-5.15812772348938,440.92365788839675,2025-06-03
2025-06-04,2025-06-04,473.8320000000088,473.8320000000088,0,0,32.90834211161206,473.8320000000088,0.0,473.8320000000088,2025-06-04
2025-06-05,2025-06-05,472.992000000009,472.992000000009,0,0,-0.8399999999998045,473.8320000000088,-0.1772780225902406,472.992000000009,2025-06-05
2025-06-06,2025-06-06,444.0800000000091,444.37711053100014,8,7,-28.614889469008858,473.8320000000088,-6.2163149531918735,444.37711053100014,2025-06-06
2025-06-07,2025-06-07,484.8320000000088,484.8320000000088,0,0,40.45488946900866,484.8320000000088,0.0,484.8320000000088,2025-06-07
2025-06-08,2025-06-08,477.15200000000897,477.49587758484057,2,6,-7.336122415168234,484.8320000000088,-1.5131266944360315,477.49587758484057,2025-06-08
2025-06-09,2025-06-09,484.33200000000903,484.46052245300456,1,1,6.964644868163987,484.8320000000088,-0.07661984914449543,484.46052245300456,2025-06-09
2025-06-10,2025-06-10,471.616000000009,473.01494014090906,5,3,-11.445582312095496,484.8320000000088,-2.437351465889118,473.01494014090906,2025-06-10
2025-06-11,2025-06-11,479.968000000009,480.30291002986706,4,4,7.287969888958003,484.8320000000088,-0.9341565676650176,480.30291002986706,2025-06-11
2025-06-12,2025-06-12,471.1040000000093,471.23585186738774,6,2,-9.067058162479327,484.8320000000088,-2.804300898583596,471.23585186738774,2025-06-12
2025-06-13,2025-06-13,461.08000000000965,461.08000000000965,8,8,-10.15585186737809,484.8320000000088,-4.8990165665630006,461.08000000000965,2025-06-13
2025-06-14,2025-06-14,492.38800000001,492.38800000001,0,8,31.308000000000334,492.38800000001,0.0,492.38800000001,2025-06-14
2025-06-15,2025-06-15,475.28400000001017,475.9033558477012,4,0,-16.48464415230876,492.38800000001,-3.3478972177040114,475.9033558477012,2025-06-15
2025-06-16,2025-06-16,487.24800000001034,487.505250710712,1,0,11.601894863010784,492.38800000001,-0.9916466870228107,487.505250710712,2025-06-16
2025-06-17,2025-06-17,489.79600000001045,489.9414947281287,1,0,2.4362440174166977,492.38800000001,-0.49686533219356055,489.9414947281287,2025-06-17
2025-06-18,2025-06-18,491.6800000000108,491.6800000000108,0,0,1.7385052718821044,492.38800000001,-0.14378904441195964,491.6800000000108,2025-06-18
2025-06-19,2025-06-19,474.2880000000111,474.43896746736374,4,0,-17.24103253264707,492.38800000001,-3.6453025932081773,474.43896746736374,2025-06-19
2025-06-20,2025-06-20,465.0000000000113,466.6271065499086,6,0,-7.811860917455135,492.38800000001,-5.231828040102695,466.6271065499086,2025-06-20
2025-06-21,2025-06-21,488.0560000000116,488.0560000000116,0,0,21.428893450102976,492.38800000001,-0.8797939836060819,488.0560000000116,2025-06-21
2025-06-22,2025-06-22,455.75600000001174,457.6220175861689,8,2,-30.43398241384267,492.38800000001,-7.060688403015583,457.6220175861689,2025-06-22
2025-06-23,2025-06-23,456.4320000000119,457.1649064205359,8,0,-0.4571111656330231,492.38800000001,-7.153523964733783,457.1649064205359,2025-06-23
2025-06-24,2025-06-24,488.496000000012,488.496000000012,1,3,31.33109357947609,492.38800000001,-0.7904335605250183,488.496000000012,2025-06-24
2025-06-25,2025-06-25,462.792000000012,463.79315338967865,8,2,-24.702846610333324,492.38800000001,-5.807380888715962,463.79315338967865,2025-06-25
2025-06-26,2025-06-26,494.19200000001234,494.19200000001234,0,0,30.398846610333692,494.19200000001234,0.0,494.19200000001234,2025-06-26
2025-06-27,2025-06-27,491.9840000000127,491.9840000000127,0,0,-2.207999999999629,494.19200000001234,-0.44678991161321385,491.9840000000127,2025-06-27
2025-06-28,2025-06-28,461.2800000000129,462.0776432233637,8,2,-29.906356776649034,494.19200000001234,-6.498356261665074,462.0776432233637,2025-06-28
2025-06-29,2025-06-29,484.0240000000129,484.94731573017367,3,0,22.86967250680999,494.19200000001234,-1.870666516220101,484.94731573017367,2025-06-29
2025-06-30,2025-06-30,478.32000000001295,479.73026000514835,5,0,-5.217055725025318,494.19200000001234,-2.9263403686954925,479.73026000514835,2025-06-30
2025-07-01,2025-07-01,497.5360000000133,497.5360000000133,0,0,17.80573999486495,497.5360000000133,0.0,497.5360000000133,2025-07-01
2025-07-02,2025-07-02,487.51200000001364,487.5669505539886,2,1,-9.969049446024712,497.5360000000133,-2.0036840441745816,487.5669505539886,2025-07-02
2025-07-03,2025-07-03,503.6200000000135,503.6200000000135,0,0,16.053049446024886,503.6200000000135,0.0,503.6200000000135,2025-07-03
2025-07-04,2025-07-04,498.4000000000138,498.35716375813985,1,0,-5.262836241873629,503.6200000000135,-1.0450014379638395,498.35716375813985,2025-07-04
2025-07-05,2025-07-05,469.57200000001393,471.06538609086374,8,0,-27.291777667276108,503.6200000000135,-6.4641225346787,471.06538609086374,2025-07-05
2025-07-06,2025-07-06,470.088000000014,470.42740029623076,8,6,-0.6379857946329821,503.6200000000135,-6.590802530436009,470.42740029623076,2025-07-06
2025-07-07,2025-07-07,499.09600000001427,499.09176674781827,1,3,28.66436645158751,503.6200000000135,-0.8991368992881709,499.09176674781827,2025-07-07
2025-07-08,2025-07-08,482.3360000000145,482.363382161023,5,3,-16.728384586795244,503.6200000000135,-4.220765227550511,482.363382161023,2025-07-08
2025-07-09,2025-07-09,499.2760000000147,499.52651365960975,1,0,17.163131498586722,503.6200000000135,-0.8128125055406098,499.52651365960975,2025-07-09
2025-07-10,2025-07-10,499.9400000000149,500.38681943062204,1,1,0.8603057710122926,503.6200000000135,-0.6419881198902644,500.38681943062204,2025-07-10
2025-07-11,2025-07-11,495.0400000000149,495.56321114945536,3,5,-4.823608281166685,503.6200000000135,-1.5997753962427832,495.56321114945536,2025-07-11
2025-07-12,2025-07-12,507.4040000000153,507.4040000000153,0,1,11.840788850559932,507.4040000000153,0.0,507.4040000000153,2025-07-12
2025-07-13,2025-07-13,505.93200000001553,505.93200000001553,0,0,-1.4719999999997526,507.4040000000153,-0.2901041379255403,505.93200000001553,2025-07-13
2025-07-14,2025-07-14,501.2520000000158,501.45969096516797,1,0,-4.472309034847569,507.4040000000153,-1.1715140272538536,501.45969096516797,2025-07-14
2025-07-15,2025-07-15,473.652000000016,473.652000000016,8,8,-27.80769096515195,507.4040000000153,-6.6518986842827905,473.652000000016,2025-07-15
2025-07-16,2025-07-16,474.5680000000163,474.5680000000163,8,8,0.916000000000281,507.4040000000153,-6.471371924540997,474.5680000000163,2025-07-16
2025-07-17,2025-07-17,477.0120000000165,477.07748947478393,8,9,2.5094894747676335,507.4040000000153,-5.976797684927679,477.07748947478393,2025-07-17
2025-07-18,2025-07-18,509.7440000000168,509.7440000000168,0,0,32.666510525232866,509.7440000000168,0.0,509.7440000000168,2025-07-18
2025-07-19,2025-07-19,489.9480000000171,490.7304168576666,5,3,-19.01358314235017,509.7440000000168,-3.730025884041704,490.7304168576666,2025-07-19
2025-07-20,2025-07-20,480.2320000000172,480.72339847025034,8,7,-10.00701838741628,509.7440000000168,-5.693171774413332,480.72339847025034,2025-07-20
2025-07-21,2025-07-21,501.3640000000172,501.2343648630199,4,4,20.510966392769546,509.7440000000168,-1.669393879476095,501.2343648630199,2025-07-21
2025-07-22,2025-07-22,491.7720000000171,491.7720000000171,8,8,-9.46236486300279,509.7440000000168,-3.5256913274112303,491.7720000000171,2025-07-22
2025-07-23,2025-07-23,517.548000000017,517.688880320018,3,5,25.916880320000928,517.688880320018,0.0,517.688880320018,2025-07-23
2025-07-24,2025-07-24,527.1560000000175,527.1560000000175,0,0,9.467119679999428,527.1560000000175,0.0,527.1560000000175,2025-07-24
2025-07-25,2025-07-25,524.9480000000178,524.9480000000178,0,0,-2.207999999999629,527.1560000000175,-0.4188513457116216,524.9480000000178,2025-07-25
2025-07-26,2025-07-26,495.3240000000179,496.49192834512803,8,2,-28.456071654889797,527.1560000000175,-5.816887535167656,496.49192834512803,2025-07-26
2025-07-27,2025-07-27,516.3440000000181,517.3658392290059,3,0,20.873910883877898,527.1560000000175,-1.857165767061592,517.3658392290059,2025-07-27
2025-07-28,2025-07-28,501.06400000001804,502.2079692824229,8,2,-15.157869946583048,527.1560000000175,-4.73257076038094,502.2079692824229,2025-07-28
2025-07-29,2025-07-29,526.0840000000182,526.5182442466268,2,1,24.31027496420387,527.1560000000175,-0.12098045993798523,526.5182442466268,2025-07-29
2025-07-30,2025-07-30,524.8760000000185,525.1582001969878,2,0,-1.3600440496389865,527.1560000000175,-0.3789769637506975,525.1582001969878,2025-07-30
2025-07-31,2025-07-31,499.85200000001873,499.85200000001873,8,8,-25.30620019696903,527.1560000000175,-5.179491459833108,499.85200000001873,2025-07-31
2025-08-01,2025-08-01,531.528000000019,531.528000000019,0,0,31.676000000000272,531.528000000019,0.0,531.528000000019,2025-08-01
2025-08-02,2025-08-02,529.3200000000194,529.3200000000194,0,0,-2.207999999999629,531.528000000019,-0.41540614981704627,529.3200000000194,2025-08-02
2025-08-03,2025-08-03,527.1120000000197,527.1120000000197,0,0,-2.207999999999629,531.528000000019,-0.8308122996340925,527.1120000000197,2025-08-03
2025-08-04,2025-08-04,500.6600000000195,501.1111060344935,8,14,-26.000893965526245,531.528000000019,-5.722538411057257,501.1111060344935,2025-08-04
2025-08-05,2025-08-05,499.5200000000199,499.5200000000199,8,8,-1.5911060344736256,531.528000000019,-6.021884077602306,499.5200000000199,2025-08-05
2025-08-06,2025-08-06,516.81600000002,517.1299132785324,4,1,17.609913278512522,531.528000000019,-2.7088105841058403,517.1299132785324,2025-08-06
2025-08-07,2025-08-07,521.3080000000202,521.5812884470683,3,0,4.451375168535947,531.528000000019,-1.8713429119350824,521.5812884470683,2025-08-07
2025-08-08,2025-08-08,527.2360000000203,527.2867737737469,2,3,5.705485326678513,531.528000000019,-0.7979309135684282,527.2867737737469,2025-08-08
2025-08-09,2025-08-09,525.5680000000207,525.8661485196212,2,0,-1.420625254125639,531.528000000019,-1.065202864270101,525.8661485196212,2025-08-09
2025-08-10,2025-08-10,501.60000000002094,501.71871413355586,8,8,-24.147434386065356,531.528000000019,-5.608224941388238,501.71871413355586,2025-08-10
2025-08-11,2025-08-11,503.3440000000211,504.5021144267883,8,2,2.7834002932324324,531.528000000019,-5.084564796817805,504.5021144267883,2025-08-11
2025-08-12,2025-08-12,539.2240000000212,539.2240000000212,0,0,34.721885573232896,539.2240000000212,0.0,539.2240000000212,2025-08-12
2025-08-13,2025-08-13,511.47200000002124,512.4904779777639,8,4,-26.73352202225726,539.2240000000212,-4.95777673513349,512.4904779777639,2025-08-13
2025-08-14,2025-08-14,514.8120000000214,515.725297200158,8,4,3.234819222394094,539.2240000000212,-4.35787405602537,515.725297200158,2025-08-14
2025-08-15,2025-08-15,548.6360000000216,548.6360000000216,0,0,32.91070279986354,548.6360000000216,0.0,548.6360000000216,2025-08-15
2025-08-16,2025-08-16,548.3120000000218,548.3120000000218,0,0,-0.32399999999972806,548.6360000000216,-0.0590555486697401,548.3120000000218,2025-08-16
2025-08-17,2025-08-17,517.080000000022,517.1686550616795,8,7,-31.143344938342352,548.6360000000216,-5.7355596312201245,517.1686550616795,2025-08-17
2025-08-18,2025-08-18,539.4320000000222,539.7614590956633,3,5,22.59280403398384,548.6360000000216,-1.6175644515412573,539.7614590956633,2025-08-18
2025-08-19,2025-08-19,547.1880000000225,547.244061860509,1,0,7.4826027648456375,548.6360000000216,-0.2537088597016144,547.244061860509,2025-08-19
2025-08-20,2025-08-20,550.7840000000227,550.7840000000227,0,0,3.5399381395137652,550.7840000000227,0.0,550.7840000000227,2025-08-20
2025-08-21,2025-08-21,536.7000000000229,537.2485078139454,4,1,-13.535492186077363,550.7840000000227,-2.4574955311114346,537.2485078139454,2025-08-21
2025-08-22,2025-08-22,550.9400000000232,550.9400000000232,0,0,13.69149218607788,550.9400000000232,0.0,550.9400000000232,2025-08-22
2025-08-23,2025-08-23,552.7160000000232,553.082809854556,1,2,2.142809854532743,553.082809854556,0.0,553.082809854556,2025-08-23
2025-08-24,2025-08-24,525.1280000000233,526.2889454792839,8,6,-26.79386437527205,553.082809854556,-4.844457990353746,526.2889454792839,2025-08-24
2025-08-25,2025-08-25,558.5040000000236,558.5040000000236,0,0,32.21505452073961,558.5040000000236,0.0,558.5040000000236,2025-08-25
2025-08-26,2025-08-26,558.3760000000237,558.3760000000237,0,0,-0.12799999999981537,558.5040000000236,-0.022918367639230868,558.3760000000237,2025-08-26
2025-08-27,2025-08-27,550.844000000024,550.9356305691034,2,0,-7.440369430920327,558.5040000000236,-1.3551146331843325,550.9356305691034,2025-08-27
2025-08-28,2025-08-28,561.3920000000242,561.3920000000242,0,0,10.456369430920745,561.3920000000242,0.0,561.3920000000242,2025-08-28
2025-08-29,2025-08-29,541.5280000000243,542.0546150005756,5,3,-19.337384999448545,561.3920000000242,-3.444542316144105,542.0546150005756,2025-08-29
2025-08-30,2025-08-30,557.9160000000246,558.14253608081,1,0,16.087921080234423,561.3920000000242,-0.5788226264738333,558.14253608081,2025-08-30
2025-08-31,2025-08-31,530.7880000000247,531.3149344700304,8,10,-26.827601610779652,561.3920000000242,-5.357587128066036,531.3149344700304,2025-08-31
2025-09-01,2025-09-01,557.132000000025,557.2391162444363,1,0,25.92418177440595,561.3920000000242,-0.7397475837895168,557.2391162444363,2025-09-01
2025-09-02,2025-09-02,558.9240000000253,558.9240000000253,0,0,1.6848837555889986,561.3920000000242,-0.43962151224077256,558.9240000000253,2025-09-02
2025-09-03,2025-09-03,528.7720000000254,529.622179912298,8,2,-29.30182008772738,561.3920000000242,-5.659115214987893,529.622179912298,2025-09-03
2025-09-04,2025-09-04,548.2160000000255,548.5480584903228,4,0,18.92587857802482,561.3920000000242,-2.287873982832108,548.5480584903228,2025-09-04
2025-09-05,2025-09-05,554.5600000000258,554.5776813235115,2,1,6.029622833188682,561.3920000000242,-1.2138253976744244,554.5776813235115,2025-09-05
2025-09-06,2025-09-06,560.3960000000259,560.6501632219463,1,0,6.07248189843483,561.3920000000242,-0.13214238501400735,560.6501632219463,2025-09-06
2025-09-07,2025-09-07,555.3600000000262,555.5144854979304,2,0,-5.1356777240158635,561.3920000000242,-1.0469537332369323,555.5144854979304,2025-09-07
2025-09-08,2025-09-08,560.0240000000264,560.2711190998672,1,7,4.756633601936755,561.3920000000242,-0.1996610033910223,560.2711190998672,2025-09-08
2025-09-09,2025-09-09,556.5480000000264,556.8348676406097,3,2,-3.4362514592575053,561.3920000000242,-0.8117558425154412,556.8348676406097,2025-09-09
2025-09-10,2025-09-10,563.0760000000266,563.2688516622843,1,1,6.4339840216746325,563.2688516622843,0.0,563.2688516622843,2025-09-10
2025-09-11,2025-09-11,567.6120000000266,567.7785374786744,1,0,4.509685816390061,567.7785374786744,0.0,567.7785374786744,2025-09-11
2025-09-12,2025-09-12,542.8960000000266,543.6844601706173,8,8,-24.09407730805708,567.7785374786744,-4.243569581733626,543.6844601706173,2025-09-12
2025-09-13,2025-09-13,547.0640000000266,548.1963642845574,8,6,4.511904113940091,567.7785374786744,-3.448910429245046,548.1963642845574,2025-09-13
2025-09-14,2025-09-14,561.0720000000267,561.7243408286259,5,3,13.527976544068565,567.7785374786744,-1.0662954392276265,561.7243408286259,2025-09-14
2025-09-15,2025-09-15,580.748000000027,580.748000000027,0,2,19.02365917140105,580.748000000027,0.0,580.748000000027,2025-09-15
2025-09-16,2025-09-16,570.9080000000273,571.1276151776966,2,0,-9.62038482233038,580.748000000027,-1.6565506592067354,571.1276151776966,2025-09-16
2025-09-17,2025-09-17,561.4680000000274,561.9251287439816,5,0,-9.202486433714967,580.748000000027,-3.241142673938519,561.9251287439816,2025-09-17
2025-09-18,2025-09-18,559.3960000000275,560.0157771135601,6,2,-1.9093516304214972,580.748000000027,-3.5699172251072544,560.0157771135601,2025-09-18
2025-09-19,2025-09-19,552.6800000000277,553.8779960738901,8,2,-6.137781039670017,580.748000000027,-4.626792330948296,553.8779960738901,2025-09-19
2025-09-20,2025-09-20,550.920000000028,552.2206303516051,8,0,-1.6573657222850215,580.748000000027,-4.912176993880402,552.2206303516051,2025-09-20
2025-09-21,2025-09-21,551.1480000000282,551.2923885499645,8,6,-0.9282418016406382,580.748000000027,-5.072012551065376,551.2923885499645,2025-09-21
2025-09-22,2025-09-22,581.7440000000286,581.7440000000286,0,5,30.451611450064092,581.7440000000286,0.0,581.7440000000286,2025-09-22
2025-09-23,2025-09-23,548.2720000000288,548.2720000000288,8,8,-33.47199999999975,581.7440000000286,-5.753733601033806,548.2720000000288,2025-09-23
2025-09-24,2025-09-24,570.2480000000292,570.4589427455019,2,0,22.18694274547306,581.7440000000286,-1.9398665486066273,570.4589427455019,2025-09-24
2025-09-25,2025-09-25,574.2000000000294,574.316127139182,1,0,3.857184393680086,581.7440000000286,-1.2768284435845048,574.316127139182,2025-09-25
2025-09-26,2025-09-26,575.8640000000295,576.0986701107296,1,0,1.7825429715476275,581.7440000000286,-0.9704148026105469,576.0986701107296,2025-09-26
2025-09-27,2025-09-27,550.0680000000295,551.9030189210855,8,2,-24.19565118964408,581.7440000000286,-5.129572643455127,551.9030189210855,2025-09-27
2025-09-28,2025-09-28,574.1920000000298,574.5219102883518,2,1,22.618891367266315,581.7440000000286,-1.241454954701104,574.5219102883518,2025-09-28
2025-09-29,2025-09-29,566.4640000000297,567.0616692940059,5,3,-7.460240994345895,581.7440000000286,-2.5238473806385486,567.0616692940059,2025-09-29
2025-09-30,2025-09-30,575.4960000000299,575.73564392633,3,1,8.673974632324075,581.7440000000286,-1.0328178844471572,575.73564392633,2025-09-30
2025-10-01,2025-10-01,577.9320000000301,578.4421359753139,2,0,2.7064920489839324,581.7440000000286,-0.56758024572913,578.4421359753139,2025-10-01
2025-10-02,2025-10-02,556.4000000000302,557.5303648153524,8,4,-20.911771159961518,581.7440000000286,-4.162249234143363,557.5303648153524,2025-10-02
2025-10-03,2025-10-03,590.2920000000305,590.2920000000305,0,2,32.761635184678084,590.2920000000305,0.0,590.2920000000305,2025-10-03
2025-10-04,2025-10-04,581.5320000000307,581.5141382538511,2,4,-8.777861746179383,590.2920000000305,-1.4870372199147082,581.5141382538511,2025-10-04
2025-10-05,2025-10-05,585.392000000031,585.5105495118859,1,5,3.9964112580347546,590.2920000000305,-0.810014448466925,585.5105495118859,2025-10-05
2025-10-06,2025-10-06,565.7120000000311,566.8673344026886,6,4,-18.643215109197286,590.2920000000305,-3.968318323362116,566.8673344026886,2025-10-06
2025-10-07,2025-10-07,588.8920000000312,588.8520798403506,1,0,21.984745437662014,590.2920000000305,-0.24393353792357442,588.8520798403506,2025-10-07
2025-10-08,2025-10-08,591.2360000000315,591.2360000000315,0,0,2.3839201596808834,591.2360000000315,0.0,591.2360000000315,2025-10-08
