data,valor_fechamento,criptomoeda,volume_compra,volume_venda,change,gain,loss,avg_gain,avg_loss,rs,rsi,ema_short,ema_long,macd,macd_signal,indicativo_macd,max_50,gradiente_ema_curto,gradiente_ema_longo,grad_n3,grad_n5,grad_n7,grad_n10,grad_n12,grad_n15,grad_n20
2025-09-06 01:30:00,204.27,SOLUSDT,10889.211,2221095.90783,,0.0,-0.0,,,,,204.27,204.27,0.0,0.0,Neutro,204.27,,,,,,,,,
2025-09-06 01:45:00,204.41,SOLUSDT,16284.707,3329214.07435,0.13999999999998636,0.13999999999998636,-0.0,,,,,204.305,204.2768292682927,0.028170731707319874,0.005634146341463975,Alta,204.41,0.03499999999996817,0.006829268292648294,,,,,,,
2025-09-06 02:00:00,203.87,SOLUSDT,8911.148,1820053.70694,-0.539999999999992,0.0,0.539999999999992,,,,,204.19625000000002,204.25698393813207,-0.06073393813204575,-0.007639470553237971,Baixa,204.41,-0.036874999999998395,-0.006508030933971678,-0.036874999999998395,,,,,,
2025-09-06 02:15:00,203.56,SOLUSDT,42721.597,8697956.0731,-0.3100000000000023,0.0,0.3100000000000023,,,,,204.03718750000002,204.2229847216378,-0.18579722163778456,-0.04327102077014729,Baixa,204.41,-0.08071875000001925,-0.016089116524734194,-0.13390624999998066,,,,,,
2025-09-06 02:30:00,203.58,SOLUSDT,14783.151,3010255.90915,0.020000000000010232,0.020000000000010232,-0.0,,,,,203.922890625,204.1916196132652,-0.2687289882651953,-0.0883626142691569,Baixa,204.41,-0.09620312499999328,-0.02106053201243464,-0.13667968750001785,-0.09620312499999328,,,,,
2025-09-06 02:45:00,204.31,SOLUSDT,14537.134,2965499.49987,0.7299999999999898,0.7299999999999898,-0.0,,,,,204.01966796875,204.19739426627666,-0.1777262975266467,-0.10623535092065486,Baixa,204.41,-0.08440234375000776,-0.022423432889892386,-0.008759765625010138,-0.08440234375000776,,,,,
2025-09-06 03:00:00,203.98,SOLUSDT,8536.578,1742691.3114,-0.3300000000000125,0.0,0.3300000000000125,,,,,204.00975097656251,204.1867896679217,-0.17703869135917216,-0.12039601900835832,Baixa,204.41,-0.03905175781251774,-0.016597899578195806,0.043430175781233114,-0.03905175781251774,-0.05802751813614527,,,,
2025-09-06 03:15:00,204.38,SOLUSDT,13625.023,2784045.02826,0.4000000000000057,0.4000000000000057,-0.0,,,,,204.1023132324219,204.1962145621694,-0.09390132974749577,-0.11509708115618582,Alta,204.41,0.021711181640636054,-0.005837026428065411,0.04132263183592289,0.021711181640636054,-0.03566349574495796,,,,
2025-09-06 03:30:00,204.21,SOLUSDT,10288.937,2100389.85635,-0.1699999999999875,0.0,0.1699999999999875,,,,,204.12923492431642,204.19688702255135,-0.06765209823493024,-0.10560808457193471,Alta,204.41,0.04953338623046896,0.0009355114465064542,0.05974197387692762,0.04953338623046896,0.0005738067626953561,,,,
2025-09-06 03:45:00,204.07,SOLUSDT,7218.743,1472456.90988,-0.14000000000001478,0.0,0.14000000000001478,,,,,204.1144261932373,204.19069741169517,-0.07627121845786178,-0.09974071134912013,Alta,204.41,0.03090003967284667,-0.0003296354533458822,0.006056480407707038,0.03090003967284667,0.025966069357741758,-0.018701429424868136,,,
2025-09-06 04:00:00,203.5,SOLUSDT,10868.541,2213379.35101,-0.5699999999999932,0.0,0.5699999999999932,,,,,203.960819644928,204.1570048550271,-0.1961852100991166,-0.11902961109911943,Baixa,204.41,-0.008574970245378328,-0.006508677626331195,-0.08420763969422136,-0.008574970245378328,0.01509955201830184,-0.016253344795925516,,,
2025-09-06 04:15:00,203.71,SOLUSDT,9071.004,1846088.12746,0.21000000000000796,0.21000000000000796,-0.0,,,,,203.898114733696,204.13519974014773,-0.23708500645173558,-0.14264069016964268,Baixa,204.41,-0.057681227684022965,-0.01619118115679107,-0.10815572977065512,-0.057681227684022965,-0.016086050271992162,-0.011144554051480625,-0.023680209163179814,,
2025-09-06 04:30:00,203.24,SOLUSDT,14347.732,2919518.66426,-0.46999999999999886,0.0,0.46999999999999886,,,,,203.73358605027198,204.09153146014052,-0.3579454098685346,-0.1857016341094211,Baixa,204.41,-0.10076092076301409,-0.026620879636900414,-0.11361679732801136,-0.10076092076301409,-0.05018953770397995,-0.0173281125083222,-0.0284070100192441,,
2025-09-06 04:45:00,203.23,SOLUSDT,6183.638,1257688.82671,-0.010000000000019327,0.0,0.010000000000019327,0.10714285714285714,0.18142857142857288,0.5905511811023575,37.12871287128695,203.60768953770398,204.0495055352556,-0.4418159975516289,-0.23692450679786267,Baixa,204.41,-0.12407069057227045,-0.034785714776585486,-0.14521259799599293,-0.12407069057227045,-0.08898143899228447,-0.03537487226002486,-0.032633928843091374,,
2025-09-06 05:00:00,203.27,SOLUSDT,18033.613,3664564.60483,0.040000000000020464,0.040000000000020464,-0.0,0.10234693877551167,0.1684693877551034,0.6075105996365877,37.79201205727219,203.52326715327797,204.01148087499922,-0.48821372172125166,-0.2871823497825405,Baixa,204.41,-0.11655301792922108,-0.037674216494800336,-0.10515944849704592,-0.11655301792922108,-0.10923607924420664,-0.06044024510411284,-0.04017474733162504,-0.042349343064909645,
2025-09-06 05:15:00,202.74,SOLUSDT,66740.35,13535323.9958,-0.5300000000000011,0.0,0.5300000000000011,0.0950364431486894,0.19429300291545323,0.4891398131822822,32.84713825070553,203.32745036495848,203.94945741768217,-0.6220070527236885,-0.3541472903707701,Baixa,204.41,-0.13516476344691306,-0.04515352300726362,-0.14011958637275496,-0.13516476344691306,-0.12594491657601858,-0.08489078988868386,-0.057770920638578735,-0.05084236444154248,
2025-09-06 05:30:00,202.37,SOLUSDT,24062.187,4874695.07498,-0.37000000000000455,0.0,0.37000000000000455,0.08824812578092588,0.2068435027072069,0.4266420004782249,29.90533016238203,203.08808777371885,203.87241071438058,-0.784322940661724,-0.4401824204289609,Baixa,204.41,-0.15712357258518891,-0.053828960909347225,-0.21758968977957074,-0.15712357258518891,-0.1417801160034459,-0.11466809241651842,-0.08480546320621134,-0.06095320190258463,
2025-09-06 05:45:00,202.26,SOLUSDT,19052.439,3854124.4286,-0.11000000000001364,0.0,0.11000000000001364,0.08194468822514546,0.19992610965669308,0.40987487010005014,29.071719681829904,202.88106583028915,203.79375653319127,-0.9126907029021254,-0.5346840769235938,Baixa,204.41,-0.18884267943888133,-0.06505681647475467,-0.2231922673346879,-0.18884267943888133,-0.165085087002559,-0.138395008706328,-0.10956563586619568,-0.07500061571266203,
2025-09-06 06:00:00,202.63,SOLUSDT,16861.414,3411681.478,0.37000000000000455,0.37000000000000455,-0.0,0.1025200676376354,0.18564567325264356,0.5522351576603498,35.57677165956747,202.81829937271687,203.73698792181608,-0.9186885490992154,-0.6114849713587182,Baixa,204.41,-0.185632009579156,-0.07046867908571305,-0.13489420050103085,-0.185632009579156,-0.16551024382335183,-0.1489477716812606,-0.12922842270384013,-0.0904647474987803,
2025-09-06 06:15:00,202.37,SOLUSDT,21521.0,4355043.22578,-0.2599999999999909,0.0,0.2599999999999909,0.0951972056635186,0.19095669659173978,0.49852771524974393,33.26783416659461,202.70622452953765,203.6703055841665,-0.9640810546288492,-0.6820041880127444,Baixa,204.41,-0.15122400718436305,-0.06937264595958602,-0.08742065037574805,-0.15122400718436305,-0.16288268286751653,-0.1507108287609509,-0.14066257576913968,-0.1076432034812275,-0.07787532849064181
2025-09-06 06:30:00,202.4,SOLUSDT,14702.701,2976429.30036,0.030000000000001137,0.030000000000001137,-0.0,0.09054026240183878,0.17731693254947264,0.5106126138098933,33.80169138943471,202.62966839715324,203.60833945810958,-0.9786710609563443,-0.7413375626014644,Baixa,204.41,-0.10916800538826375,-0.06515934615668227,-0.09431548778181237,-0.10916800538826375,-0.14975129786491917,-0.14982100035858112,-0.14405462413454495,-0.11962525975377396,-0.08514521817249426
2025-09-06 06:45:00,202.44,SOLUSDT,7280.985,1474019.0691,0.03999999999999204,0.03999999999999204,-0.0,0.08693024365884973,0.16465143736736745,0.5279652886654883,34.553487083898915,202.58225129786493,203.5513472894213,-0.9690959915563724,-0.786889248392446,Baixa,204.41,-0.07862600404119795,-0.06134669512466648,-0.06198661583635486,-0.07862600404119795,-0.11883133054155418,-0.1395627199659086,-0.1394570520169961,-0.12811180195819666,-0.09007319934365235
2025-09-06 07:00:00,202.84,SOLUSDT,12954.767,2623780.26237,0.4000000000000057,0.4000000000000057,-0.0,0.10929236911178944,0.1528906204125555,0.7148402486488586,41.68553013682114,202.64668847339868,203.51664742164465,-0.8699589482459658,-0.80350318836315,Baixa,204.41,-0.04671950303092329,-0.055963929508836587,0.008510038122703938,-0.04671950303092329,-0.0753734979061473,-0.12080840361079576,-0.12864873306868704,-0.12724456575436216,-0.09320715514683955
2025-09-06 07:15:00,202.98,SOLUSDT,11079.774,2247475.23818,0.13999999999998636,0.13999999999998636,-0.0,0.11148577131808922,0.14196986181165866,0.7852777335656598,43.986306376949976,202.730016355049,203.4904694986376,-0.7604531435885917,-0.7948931794082384,Alta,204.41,0.006460372726799733,-0.04513642075228178,0.0738825285920402,0.006460372726799733,-0.03286940914389151,-0.09272751482930522,-0.10829599036095422,-0.11832628145862333,-0.09533205808945723
2025-09-06 07:30:00,203.21,SOLUSDT,10556.264,2143709.09099,0.2300000000000182,0.2300000000000182,-0.0,0.11995107336679843,0.1318291573965402,0.9098978991877141,47.641180168568,202.85001226628674,203.47678805967965,-0.626775793392909,-0.7612697022051725,Alta,204.41,0.05884527954512803,-0.03239805876435882,0.10166189644402125,0.05884527954512803,0.005705085999214954,-0.05309109066743676,-0.08263807668679385,-0.10183399680825768,-0.09558175033400979
2025-09-06 07:45:00,203.03,SOLUSDT,7024.155,1426380.36411,-0.18000000000000682,0.0,0.18000000000000682,0.11138313955488426,0.13526993186821637,0.8234138807979642,45.15781575807798,202.89500919971505,203.45499352018308,-0.5599843204680326,-0.7210126258577446,Alta,204.41,0.08288395965883813,-0.02325669004413812,0.08249642233305449,0.08288395965883813,0.04124310021369047,-0.015894075576321692,-0.054793242829782915,-0.08408978332047315,-0.0920472150061483
2025-09-06 08:00:00,202.74,SOLUSDT,10692.434,2169786.60681,-0.28999999999999204,0.0,0.28999999999999204,0.10342720101524967,0.14632207959191465,0.7068461663728621,41.41241198525509,202.85625689978627,203.42011578749123,-0.5638588877049528,-0.6895818782271863,Alta,204.41,0.058412969744132834,-0.022853924676130555,0.003122316749779856,0.058412969744132834,0.05387875373169657,0.008473382711680086,-0.0272924845698895,-0.06529948034750174,-0.08753165185611397
2025-09-06 08:15:00,203.09,SOLUSDT,8829.547,1791825.77628,0.3499999999999943,0.3499999999999943,-0.0,0.12103954379987429,0.13587050247820645,0.8908448971055286,47.11358919333986,202.9146926748397,203.40401257834532,-0.48931990350561705,-0.6495294832828725,Alta,204.41,0.03755972730809199,-0.02295861127729084,0.00984173756232778,0.03755972730809199,0.05648049387020985,0.02503685521558,-0.0017805522386076093,-0.04602818168919464,-0.07898520505749733
2025-09-06 08:30:00,203.41,SOLUSDT,11706.989,2380775.09718,0.3199999999999932,0.3199999999999932,-0.0,0.13525100495702563,0.126165466586906,1.0720128781346145,51.73775170257258,203.03851950612977,203.40430464769432,-0.3657851415645439,-0.5927806149392069,Alta,204.41,0.03966979548107044,-0.019594776580852787,0.09113130317173633,0.03966979548107044,0.055396084688351215,0.043762489896537915,0.020500250156712956,-0.024333636266898565,-0.06645882860515732
2025-09-06 08:45:00,203.49,SOLUSDT,15392.693,3131372.02691,0.0800000000000125,0.0800000000000125,-0.0,0.13130450460295326,0.11715364754498414,1.1207888730270692,52.8477345049124,203.15138962959733,203.40848490878238,-0.2570952791850516,-0.5256435477883759,Alta,204.41,0.0695023466107971,-0.010882836259814548,0.11834847737883109,0.0695023466107971,0.0593149206591478,0.058503685604230346,0.03805875405109356,-0.00019665577160419903,-0.05091367032604583
2025-09-06 09:00:00,203.0,SOLUSDT,16821.034,3418899.3368,-0.4900000000000091,0.0,0.4900000000000091,0.12192561141702803,0.1437855298632002,0.8479685788481633,45.8865258075276,203.113542222198,203.38855881567105,-0.2750165934730546,-0.47551815692531163,Alta,204.41,0.07512675995808644,-0.005864161320352094,0.037511358034124254,0.07512675995808644,0.053057619065776766,0.06068079450618844,0.049418191412452205,0.01872750817129417,-0.03688638056407837
2025-09-06 09:15:00,202.94,SOLUSDT,10711.969,2176271.57397,-0.060000000000002274,0.0,0.060000000000002274,0.11321663917295459,0.13780084915868607,0.8215960922169553,45.10308820530242,203.0701566666485,203.36667789783343,-0.2965212311849257,-0.43971877177723445,Alta,204.41,0.038595069968589475,-0.009041519304724405,-0.040616481474421054,0.038595069968589475,0.04559678572791754,0.05146514133418985,0.05195000719570679,0.030492059699903148,-0.023194860611031085
2025-09-06 09:30:00,203.24,SOLUSDT,7032.754,1428190.24184,0.30000000000001137,0.30000000000001137,-0.0,0.12655830780345864,0.12795793136163705,0.9890618460045062,49.7250423857492,203.11261749998638,203.360498488183,-0.24788098819661286,-0.40135121506111016,Alta,204.41,0.006696302476433691,-0.012941932997167756,-0.00046236110580293114,0.006696302476433691,0.041251160724497166,0.04294734084913529,0.05009012777440291,0.03746725906064311,-0.010249528916920221
2025-09-06 09:45:00,202.69,SOLUSDT,10492.606,2129501.98371,-0.5500000000000114,0.0,0.5500000000000114,0.11751842867464016,0.1581037934072352,0.7432992349016101,42.63750135492723,203.0069631249898,203.327791244857,-0.32082811986720117,-0.38524659602232836,Alta,204.41,-0.02897777314268578,-0.018944765533890528,-0.03159677082935116,-0.02897777314268578,0.012277656257675209,0.028574142000495545,0.038634029397229416,0.0391808014383344,0.00013240218448707075
2025-09-06 10:00:00,202.68,SOLUSDT,7704.998,1561472.44793,-0.009999999999990905,0.0,0.009999999999990905,0.10912425519788015,0.14752495102100346,0.739700331656737,42.5188360430047,202.92522234374235,203.29619167193712,-0.370969328194775,-0.3823911424568177,Alta,204.41,-0.043983329857005884,-0.022362094044439663,-0.09369757812205821,-0.043983329857005884,-0.022488186378164878,0.014385151954913586,0.023993004565416615,0.034974886793041796,0.00891697081130216
2025-09-06 10:15:00,202.58,SOLUSDT,14949.691,3027759.28242,-0.09999999999999432,0.0,0.09999999999999432,0.10132966554088871,0.14413031166235996,0.7030420206005232,41.281542797905715,202.83891675780677,203.26125549281824,-0.4223387350114649,-0.39038066096774715,Baixa,204.41,-0.06498749739276503,-0.027515162627639676,-0.08402318359153062,-0.06498749739276503,-0.04918756835504686,-0.0024232572459281817,0.007872375801685958,0.025641879380496797,0.014276073973135833
2025-09-06 10:30:00,203.07,SOLUSDT,18544.736,3762059.04466,0.4899999999999807,0.4899999999999807,-0.0,0.1290918322879667,0.1338352894007628,0.964557500984721,49.097952108871496,202.89668756835508,203.2519259565832,-0.35523838822811626,-0.383352206419821,Alta,204.41,-0.05999062304457793,-0.02836808152384369,-0.014267387693640173,-0.05999062304457793,-0.04644424769486523,-0.017984109601125477,-0.0013334803864989934,0.015651052392513475,0.017415702096395144
2025-09-06 10:45:00,202.91,SOLUSDT,9587.657,1945776.15958,-0.1599999999999966,0.0,0.1599999999999966,0.1198709871245405,0.13570419730070807,0.8833255677340427,46.90243592863404,202.90001567626632,203.2352466416279,-0.3352309653615748,-0.3737279582081718,Alta,204.41,-0.024242967283412704,-0.022935492181226917,0.03054945922977206,-0.024242967283412704,-0.03965461434257568,-0.029957779170532415,-0.008692417982172946,0.0064615035800989476,0.01762192694823405
2025-09-06 11:00:00,202.84,SOLUSDT,4883.127,989943.08563,-0.06999999999999318,0.0,0.06999999999999318,0.1113087737585019,0.131011040350657,0.849613692560405,45.93465630027272,202.88501175719975,203.21596631764604,-0.3309545604462869,-0.36517327865579485,Alta,204.41,-0.0019322254625731337,-0.018645955977257034,-0.00583790557769771,-0.0019322254625731337,-0.03304453218550459,-0.03431681922638142,-0.018424907892221107,-0.0016270866006331244,0.016594264760049604
2025-09-06 11:15:00,202.42,SOLUSDT,44725.204,9055821.99465,-0.4200000000000159,0.0,0.4200000000000159,0.10335814706146605,0.15165310889703978,0.6815432127516613,40.530817619393225,202.76875881789982,203.177138692395,-0.4083798744951821,-0.3738145978236723,Baixa,204.41,-0.015199169096923825,-0.020419323978374888,-0.06562842918323426,-0.015199169096923825,-0.026211970567691062,-0.035631553813716306,-0.0301735760240658,-0.009747100664764547,0.012035924133948182
2025-09-06 11:30:00,202.17,SOLUSDT,27866.703,5630233.80567,-0.25,0.0,0.25,0.09597542227136134,0.1586778868329655,0.6048443433859894,37.68866095199334,202.61906911342487,203.1280099756928,-0.5089408622679343,-0.40083985071252476,Baixa,204.41,-0.0686493768227067,-0.03059399110137774,-0.13297132188747657,-0.0686493768227067,-0.03823040649719998,-0.04299639263301744,-0.04103053166838695,-0.020033539784286018,0.004036341596704785
2025-09-06 11:45:00,202.38,SOLUSDT,6970.575,1410754.26385,0.21000000000000796,0.21000000000000796,-0.0,0.10412003496626467,0.14734375205918224,0.7066470991212692,41.4055781939402,202.55930183506865,203.09152168419558,-0.5322198491269319,-0.4271158503954062,Baixa,204.41,-0.09473703261705001,-0.037540625681798695,-0.10472849141558997,-0.09473703261705001,-0.054476376301470314,-0.05052002174749203,-0.046122549100946396,-0.031935869123920636,-0.005549811471640923
2025-09-06 12:00:00,202.57,SOLUSDT,5431.471,1100153.47442,0.18999999999999773,0.18999999999999773,-0.0,0.11025431818295987,0.13681919834066922,0.8058395277864087,44.62409396776267,202.5619763763015,203.0660816020397,-0.5041052257382148,-0.44251372546396794,Baixa,204.41,-0.0855527744627604,-0.038538643941215076,-0.028546368561692227,-0.0855527744627604,-0.0696965679403839,-0.04887486479546303,-0.048691562175360595,-0.041041187557228055,-0.014045817250346803
2025-09-06 12:15:00,202.73,SOLUSDT,5362.473,1086583.07975,0.1599999999999966,0.1599999999999966,-0.0,0.11380758116989106,0.12704639845919283,0.8957954145110689,47.25169222661598,202.60398228222613,203.04968737754996,-0.44570509532383085,-0.4431519994359406,Baixa,204.41,-0.0386645808470659,-0.03168310033433783,0.022340223578727475,-0.0386645808470659,-0.062272425955281346,-0.04530766374811685,-0.04775993037277581,-0.04429874781078513,-0.02049864865204404
2025-09-06 12:30:00,202.42,SOLUSDT,9877.439,2000219.19875,-0.3100000000000023,0.0,0.3100000000000023,0.10567846822918456,0.14011451285496493,0.7542292805783385,42.99490887130115,202.5579867116696,203.0189709201085,-0.46098420843890153,-0.4467184412365328,Baixa,204.41,-0.0077484356353048406,-0.025991241781446253,-0.0019948323159461475,-0.0077484356353048406,-0.04884717660932877,-0.04481408114442211,-0.04340736036699374,-0.04392941800094644,-0.02552436242888428
2025-09-06 12:45:00,202.27,SOLUSDT,8893.237,1799497.78178,-0.14999999999997726,0.0,0.14999999999997726,0.09813000621281423,0.14082061907960866,0.696844019392781,41.06706399814804,202.48599003375222,202.98243575327393,-0.49644571952171646,-0.45666389689356957,Baixa,204.41,-0.015061326726481064,-0.026528254377466018,-0.05899612423693051,-0.015061326726481064,-0.03306395388555875,-0.049549954797709315,-0.04274782796755162,-0.04432206350070305,-0.0304289861073758
2025-09-06 13:00:00,202.14,SOLUSDT,8178.076,1653436.35593,-0.13000000000002387,0.0,0.13000000000002387,0.09112072005475606,0.14004771771678118,0.6506405212474059,39.41745721568196,202.39949252531414,202.94134132628494,-0.5418488009707971,-0.4737008777090151,Baixa,204.41,-0.04429599504485153,-0.0316732175785852,-0.07924709317776,-0.04429599504485153,-0.028905108271307066,-0.05087458731040704,-0.045487444402240326,-0.04587547619695586,-0.036566100482790284
2025-09-06 13:15:00,202.05,SOLUSDT,8557.952,1729702.68768,-0.08999999999997499,0.0,0.08999999999997499,0.08461209719370207,0.1364728807370093,0.6199920213947429,38.2713009204179,202.3121193939856,202.8978612615881,-0.5857418676025077,-0.4961090756877136,Baixa,204.41,-0.07422199628365053,-0.038128182574735235,-0.08693531988332572,-0.07422199628365053,-0.04230383120348545,-0.050716546543407535,-0.05183411477021562,-0.046004821433439834,-0.04234186859517346
2025-09-06 13:30:00,201.66,SOLUSDT,39510.858,7967712.92786,-0.3900000000000148,0.0,0.3900000000000148,0.0785683759655805,0.15458196068436683,0.5082635491084586,33.69858997181862,202.1490895454892,202.83747778541306,-0.688388239923853,-0.5345649085349415,Baixa,204.41,-0.09916649721273181,-0.044756076107681765,-0.1252014899124787,-0.09916649721273181,-0.07074573054546533,-0.0533252886954499,-0.058141320343386635,-0.05036968750364876,-0.04758534881480246
2025-09-06 13:45:00,202.33,SOLUSDT,18464.591,3730724.47118,0.6700000000000159,0.6700000000000159,-0.0,0.12081349196804017,0.14354039206405492,0.8416689562484067,45.70142497069279,202.1943171591169,202.81272277149046,-0.6184056123735502,-0.5513330493026632,Baixa,204.41,-0.08337487290958383,-0.044328950443870634,-0.05890111743434455,-0.08337487290958383,-0.07930929790910501,-0.05229699682461834,-0.057329766481324124,-0.05287547991344971,-0.04906307176147409
2025-09-06 14:00:00,202.17,SOLUSDT,13356.359,2704347.85778,-0.160000000000025,0.0,0.160000000000025,0.11218395682746587,0.14471607834519565,0.7752003655037562,43.66833066101663,202.18823786933768,202.78137044117383,-0.5931325718361506,-0.5596929538093608,Baixa,204.41,-0.05403115468216565,-0.04050802603200928,0.019574161924222445,-0.05403115468216565,-0.06939268771756216,-0.05461668701239708,-0.05249907311273945,-0.05538875279223457,-0.0497860256256236
2025-09-06 14:15:00,202.32,SOLUSDT,35606.373,7195999.29733,0.15000000000000568,0.15000000000000568,-0.0,0.11488510276836159,0.1343792156062531,0.854932083433114,46.08967040188356,202.22117840200326,202.75886456599463,-0.537686163991367,-0.555291595845762,Alta,204.38,-0.014273366011614982,-0.03341007354261952,0.013430621443187084,-0.014273366011614982,-0.0476695157881582,-0.05390190919868947,-0.046813116023354806,-0.053104064594179545,-0.049332000422226255
2025-09-06 14:30:00,202.44,SOLUSDT,13275.915,2687107.51219,0.12000000000000455,0.12000000000000455,-0.0,0.1152504525706218,0.12478070020580645,0.9236240250337915,48.01478942942432,202.27588380150246,202.7433101969217,-0.46742639541923836,-0.5377185557604574,Alta,204.38,0.028044975491280866,-0.024219338247862425,0.04382296608236785,0.028044975491280866,-0.018341422555390556,-0.045926431899015976,-0.04199794890563115,-0.04694411987420196,-0.046149376256515745
2025-09-06 14:45:00,202.05,SOLUSDT,11458.68,2315862.65366,-0.38999999999998636,0.0,0.38999999999998636,0.10701827738700596,0.14372493590539073,0.7446048016153055,42.68042830822695,202.21941285112683,202.70949018731577,-0.4900773361889321,-0.5281903118461523,Alta,204.38,0.013783731618466421,-0.02445254126016297,-0.0008827754382175348,0.013783731618466421,8.321879774288843e-05,-0.03476300574244151,-0.03967153860230017,-0.04039558990565627,-0.044183460763821646
2025-09-06 15:00:00,201.52,SOLUSDT,21301.07,4298147.5268,-0.5300000000000011,0.0,0.5300000000000011,0.09937411471650555,0.17131601191214862,0.5800632037095569,36.71139245238588,202.04455963834513,202.65146627573938,-0.6069066373942462,-0.543933576955771,Baixa,204.38,-0.028912201286178392,-0.030918270954783406,-0.11566208157865578,-0.028912201286178392,-0.006276871615979474,-0.03154195127652255,-0.04157183576990537,-0.03916276385780884,-0.04482180609917609
2025-09-06 15:15:00,202.15,SOLUSDT,9407.512,1899968.72255,0.6299999999999955,0.6299999999999955,-0.0,0.13727596366532627,0.15907915391842373,0.8629412483279978,46.321441918927576,202.07091972875884,202.6270045061911,-0.556084777432261,-0.5463638170510691,Baixa,204.38,-0.053184150964643344,-0.03555640407893737,-0.07424656118401322,-0.053184150964643344,-0.023546939426281277,-0.025459493760419928,-0.03693062507917439,-0.038961358607643236,-0.04512199367213122
2025-09-06 15:30:00,201.74,SOLUSDT,7344.32,1482748.86696,-0.4099999999999966,0.0,0.4099999999999966,0.12747053768923153,0.17700207149567895,0.7201641009740578,41.86601153728639,201.98818979656915,202.58373599369398,-0.5955461971248326,-0.5562002930658217,Baixa,204.38,-0.07238811322347735,-0.040163408758014996,-0.028184920888023286,-0.07238811322347735,-0.04042806171256003,-0.024624923350628856,-0.03383433244574422,-0.0405781618128816,-0.044536983975904255
2025-09-06 15:45:00,201.26,SOLUSDT,34353.541,6917272.69229,-0.4800000000000182,0.0,0.4800000000000182,0.11836549928285785,0.19864478067456035,0.595865136153645,37.33806338985508,201.80614234742686,202.5191635061967,-0.7130211587698341,-0.5875644662066243,Baixa,204.21,-0.08829108491761388,-0.04483836442835105,-0.13238869066599776,-0.08829108491761388,-0.07032104628442352,-0.03455960160388232,-0.03702784723640613,-0.0446300499310854,-0.04513394098944491
2025-09-06 16:00:00,201.37,SOLUSDT,20563.294,4140963.35088,0.11000000000001364,0.11000000000001364,-0.0,0.11776796361979755,0.1844558677692346,0.6384614653036268,38.967133425094744,201.69710676057014,202.46310674979685,-0.7659999892267138,-0.6232515708106422,Baixa,204.07,-0.09596831368819089,-0.04845600518796455,-0.14554151799950849,-0.09596831368819089,-0.09354435614188332,-0.05517727696049313,-0.04359256374896853,-0.047508251734029394,-0.04588053093005522
2025-09-06 16:15:00,201.66,SOLUSDT,35600.698,7160688.15335,0.28999999999999204,0.28999999999999204,-0.0,0.13007025193266858,0.17128044864286068,0.7593992949182421,43.162418963770854,201.6878300704276,202.42393081078237,-0.7361007403547717,-0.6458214047194681,Baixa,203.71,-0.10572623526614654,-0.052677663471464194,-0.05915613849962158,-0.10572623526614654,-0.09122969567783992,-0.06780720014460163,-0.04957379344110847,-0.04869368880052585,-0.04680889443814384
2025-09-06 16:30:00,201.8,SOLUSDT,10412.588,2100632.67343,0.14000000000001478,0.14000000000001478,-0.0,0.13077951965176474,0.15904613088265634,0.8222741347178913,45.12351457181763,201.7158725528207,202.3934951614759,-0.6776226086551844,-0.6521816455066114,Baixa,203.71,-0.06629467644961819,-0.04757143598503863,0.009382896125286864,-0.06629467644961819,-0.07297584318694023,-0.07317358192663381,-0.05752125417173871,-0.04812740945753289,-0.04807471594138797
2025-09-06 16:45:00,201.62,SOLUSDT,17010.114,3435196.53653,-0.18000000000000682,0.0,0.18000000000000682,0.1214381253909244,0.16054283581960996,0.7564219528760249,43.06607257085542,201.69190441461552,202.35576369018438,-0.6638592755688535,-0.6545171715190599,Baixa,203.49,-0.020971007337226243,-0.039641122034597215,0.0020371720939667123,-0.020971007337226243,-0.06428545381878972,-0.0719256409904356,-0.06130527629314597,-0.04788127137886561,-0.04926844297108072
2025-09-06 17:00:00,201.61,SOLUSDT,7123.361,1436405.09536,-0.009999999999990905,0.0,0.009999999999990905,0.11276397357728694,0.1497897761182086,0.7528148883025084,42.94890996912757,201.67142831096163,202.31938497359002,-0.6479566626283884,-0.6532050697409256,Alta,203.49,-0.004728255502936176,-0.035561067301180256,-0.02222212092954693,-0.004728255502936176,-0.041428376078369966,-0.0617321095306947,-0.0626397963806906,-0.04811631067701324,-0.04940809914560186
2025-09-06 17:15:00,201.17,SOLUSDT,10071.966,2028081.06377,-0.44000000000002615,0.0,0.44000000000002615,0.10470940403605215,0.17051907782405268,0.6140626924108448,38.04453787935895,201.54607123322123,202.26331741390268,-0.7172461806814567,-0.6660132919290319,Baixa,203.49,-0.032796191627178936,-0.03953369816454773,-0.0729165906971577,-0.032796191627178936,-0.029553424915935465,-0.05481423366317806,-0.06368439274006445,-0.05385509015061743,-0.04933614954717444
2025-09-06 17:30:00,200.05,SOLUSDT,84318.701,16888593.09095,-1.1199999999999761,0.0,1.1199999999999761,0.09723016089061985,0.2383391436937615,0.40794877158554144,28.974688555332577,201.17205342491593,202.15535071078548,-0.9832972858695541,-0.7294700907171364,Baixa,203.49,-0.12334714372041358,-0.056873517766272204,-0.24968744302286447,-0.12334714372041358,-0.06796864011552367,-0.07179249342920017,-0.07190665119839758,-0.06549846047010065,-0.05374271366413625
2025-09-06 17:45:00,200.15,SOLUSDT,35896.497,7180862.57744,0.09999999999999432,0.09999999999999432,-0.0,0.09742800654128946,0.22131491914420712,0.44022340164878854,30.566327497860016,200.91654006868694,202.0575287248935,-1.1409886562065594,-0.8117738038150211,Baixa,203.49,-0.20501035779029073,-0.07605041933864944,-0.314765582267145,-0.20501035779029073,-0.1266907658009157,-0.09037467310220094,-0.08480411427292908,-0.08005241678114443,-0.06085214803005976
2025-09-06 18:00:00,200.62,SOLUSDT,19172.587,3841258.7066,0.46999999999999886,0.46999999999999886,-0.0,0.12404029178834013,0.2055067106339066,0.6035826830458484,37.63963588702531,200.84240505151521,201.98740537245968,-1.1450003209444617,-0.8784191072409092,Baixa,203.49,-0.2287577683427254,-0.08697478912700006,-0.1648241867003882,-0.2287577683427254,-0.16680378863640435,-0.10452342906908102,-0.09938979899140965,-0.09097681258586245,-0.06802632906765627
2025-09-06 18:15:00,200.43,SOLUSDT,12338.339,2473734.68111,-0.18999999999999773,0.0,0.18999999999999773,0.11518027094631582,0.20439908844577026,0.5635067740376672,36.04121091093472,200.73930378863642,201.91143437868115,-1.1721305900447305,-0.9371614038016736,Baixa,203.49,-0.19431832625706003,-0.0871711408768908,-0.0886181400252322,-0.19431832625706003,-0.18376355576301934,-0.12254408695331799,-0.10833605553725754,-0.09799153801082874,-0.07571147612405328
2025-09-06 18:30:00,199.66,SOLUSDT,29261.149,5852874.76757,-0.7700000000000102,0.0,0.7700000000000102,0.1069531087358647,0.2447991535567874,0.43690146465745106,30.405805506058527,200.46947784147733,201.8016083114284,-1.3321304699510677,-1.0161552170315524,Baixa,203.49,-0.15823874469278826,-0.08535791449265054,-0.18646360501895334,-0.15823874469278826,-0.19817980967938878,-0.14962018642710198,-0.12210868500958905,-0.10787758207954892,-0.087460298822365
2025-09-06 18:45:00,200.04,SOLUSDT,34747.779,6939792.24903,0.37999999999999545,0.37999999999999545,-0.0,0.12645645811187403,0.2273134997313026,0.5563086145844954,35.74539197246679,200.362108381108,201.7156761986758,-1.3535678175678072,-1.0836377371388035,Baixa,203.49,-0.1481790585195692,-0.08695021134666785,-0.18859770376424187,-0.1481790585195692,-0.1833670001166886,-0.16829089739609204,-0.137665429841106,-0.11919390084537215,-0.09750311885361572
2025-09-06 19:00:00,199.9,SOLUSDT,13260.358,2651417.56856,-0.13999999999998636,0.0,0.13999999999998636,0.11742385396102588,0.2210768211790657,0.5311450261260814,34.68940022421785,200.24658128583098,201.62710662800868,-1.380525342177691,-1.1430152581465811,Baixa,203.49,-0.15688429388970357,-0.09163556689074587,-0.11144827782317807,-0.15688429388970357,-0.15207882151608207,-0.1753242336531334,-0.15252354790529862,-0.1266364970626099,-0.10653711357629897
2025-09-06 19:15:00,200.01,SOLUSDT,11607.285,2321779.22408,0.10999999999998522,0.10999999999998522,-0.0,0.1168935786780944,0.20528561966627532,0.5694192260915482,36.282162001393274,200.18743596437324,201.5482233778619,-1.3607874134886515,-1.1865696892149953,Baixa,203.49,-0.13266322041727627,-0.09009236850584396,-0.08733620836737364,-0.13266322041727627,-0.1341484018513561,-0.16937196311862335,-0.15993461897092406,-0.13140594422552085,-0.11297614345289791
2025-09-06 19:30:00,199.74,SOLUSDT,17257.889,3450485.27669,-0.2699999999999818,0.0,0.2699999999999818,0.1085440373439448,0.2099080754043972,0.5171027228696652,34.08488529316875,200.07557697327994,201.4600173594296,-1.384440386149663,-1.2261438286019288,Baixa,203.49,-0.09624741531294177,-0.08506347248116448,-0.08550215627552715,-0.09624741531294177,-0.12953987281708657,-0.15265018446018538,-0.15988103415825805,-0.1377419581691427,-0.11709113014606855
2025-09-06 19:45:00,199.71,SOLUSDT,16721.907,3338982.45297,-0.030000000000001137,0.0,0.030000000000001137,0.10079089181937731,0.1970574985897975,0.5114796064126823,33.83966308527434,199.98418272995997,201.3746506589696,-1.3904679290096453,-1.2590086486834722,Baixa,203.49,-0.09268556148472848,-0.08491403479913877,-0.10162661720661934,-0.09268556148472848,-0.11527990461281092,-0.12992703228453525,-0.15296147491939743,-0.1432975400554257,-0.12009466339902655
2025-09-06 20:00:00,200.19,SOLUSDT,10887.527,2177177.63096,0.47999999999998977,0.47999999999998977,-0.0,0.12787725668942104,0.18298196297624053,0.6988517043399812,41.13671031760193,200.03563704746998,201.3168628219467,-1.2812257744767237,-1.2634520738421227,Baixa,203.49,-0.06251417111352219,-0.07940603310164407,-0.0199699629049956,-0.06251417111352219,-0.07958492845960498,-0.11039981966794093,-0.13305152576996787,-0.1417142264701439,-0.12176272687257478
2025-09-06 20:15:00,200.33,SOLUSDT,6137.858,1229579.3526,0.14000000000001478,0.14000000000001478,-0.0,0.12874316692589202,0.16991182276365194,0.75770576074023,43.10765644991311,200.10922778560249,201.26872317209563,-1.1594953864931483,-1.2426607363723279,Alta,203.49,-0.019635628335141903,-0.0702154949015548,0.06252252782125925,-0.019635628335141903,-0.04942083920186022,-0.09011804656915148,-0.10457011285894206,-0.13158924128117055,-0.1189423459063135
2025-09-06 20:30:00,200.46,SOLUSDT,17666.321,3538326.40676,0.12999999999999545,0.12999999999999545,-0.0,0.1288329407168994,0.15777526399481964,0.8165598171404707,44.950890658027134,200.19692083920188,201.22927326126168,-1.0323524220598017,-1.2005990735098226,Alta,203.49,0.03677327874864437,-0.05674156832099568,0.08064189586596326,0.03677327874864437,-0.012333486544243072,-0.06020974704807311,-0.07966884338546305,-0.1142187166751654,-0.11322555642222064
2025-09-06 20:45:00,200.8,SOLUSDT,9137.182,1832922.54172,0.3400000000000034,0.3400000000000034,-0.0,0.14391630209426398,0.14650560228090395,0.9823262718535818,49.5542174767756,200.34769062940143,201.20833310217574,-0.860642472774316,-1.1326077533627215,Alta,203.49,0.08882995906149017,-0.04202246742725977,0.11923142189948346,0.08882995906149017,0.030303456520412317,-0.021127007255744724,-0.05376387030133036,-0.08832475179208993,-0.10553570867004212
2025-09-06 21:00:00,200.4,SOLUSDT,5540.119,1111145.93895,-0.4000000000000057,0.0,0.4000000000000057,0.13363656623038797,0.16461234497512553,0.8118259068029297,44.807059207771395,200.36076797205106,201.16890221914278,-0.808134247091715,-1.0677130521085203,Alta,203.49,0.08887246929611956,-0.03563112755278866,0.08192356642459112,0.08887246929611956,0.062281163818868106,0.005427471830920635,-0.026747727900828445,-0.060957849558355016,-0.09718749578824357
2025-09-06 21:15:00,200.61,SOLUSDT,3984.894,799052.36226,0.21000000000000796,0.21000000000000796,-0.0,0.13909109721393226,0.15285432033404514,0.909958559954112,47.642843097913826,200.4230759790383,201.14163869625776,-0.71856271721947,-0.9978829851307103,Alta,203.24,0.07915435197207381,-0.031453999379478535,0.0376926748184309,0.07915435197207381,0.07876444429273313,0.029540300842881985,0.0013465467317290557,-0.038486244311624986,-0.08608611056298994
2025-09-06 21:30:00,201.11,SOLUSDT,10057.966,2019848.25447,0.5,0.5,-0.0,0.16487030455579424,0.14193615459589906,1.1615807475212367,53.73755983223221,200.5948069842787,201.14009534522077,-0.5452883609420667,-0.9073640602929816,Alta,203.24,0.08711576397904061,-0.02450502379999959,0.11701950611381211,0.08711576397904061,0.08818047607668557,0.054579468056408884,0.02599242753131386,-0.016346826090859686,-0.07018676337337225
2025-09-06 21:45:00,200.76,SOLUSDT,7724.795,1552170.02021,-0.35000000000002274,0.0,0.35000000000002274,0.15309385423038036,0.15679785783905076,0.9763772052774313,49.40237130190811,200.63610523820904,201.12155410886854,-0.4854488706594964,-0.8229810223662846,Alta,203.24,0.08108682298427874,-0.020236486053642914,0.10651462958534766,0.08108682298427874,0.08756392848608151,0.07370732831503012,0.04646984512400363,0.005855951860425301,-0.0523900725300251
2025-09-06 22:00:00,200.52,SOLUSDT,12443.913,2497982.89464,-0.23999999999998067,0.0,0.23999999999998067,0.14215857892821032,0.16274086799340287,0.8735272257118175,46.62474148887451,200.6070789286568,201.0922100059969,-0.48513107734009964,-0.7554110333610476,Alta,203.07,0.07056511723821257,-0.017346901368105128,0.006135972189048901,0.07056511723821257,0.07290508922171468,0.07835625381203988,0.05866357265419752,0.025124106752458436,-0.03374368221706969
2025-09-06 22:15:00,200.45,SOLUSDT,7130.005,1430460.41191,-0.0700000000000216,0.0,0.0700000000000216,0.13200439471905243,0.15611652027958994,0.8455504547670228,45.81562387432875,200.5678091964926,201.06088268863118,-0.493073492138592,-0.7029435251165566,Alta,203.07,0.03017383792865123,-0.020939735447696672,-0.03414802085822742,0.03017383792865123,0.04878595977343803,0.06832779641961932,0.06413753963050926,0.0361734372072025,-0.0160370849710744
2025-09-06 22:30:00,200.2,SOLUSDT,5512.769,1104340.57137,-0.25,0.0,0.25,0.12257550938197725,0.1628224831167621,0.7528168532725102,42.94897392542755,200.47585689736945,201.01888841113697,-0.5430315137675166,-0.6709611228467486,Alta,203.07,-0.03061962155348565,-0.030308528840484364,-0.06561101564367076,-0.03061962155348565,0.023107326972932628,0.04963978670866814,0.05833042745015854,0.04150507790540307,-0.004078565608000286
2025-09-06 22:45:00,200.4,SOLUSDT,6450.14,1291483.61453,0.20000000000001705,0.20000000000001705,-0.0,0.1281058301404087,0.1511923057512791,0.8473038988581263,45.86705519226534,200.45689267302708,200.98869873254492,-0.5318060595178338,-0.6431301101809657,Alta,203.07,-0.04896471616512879,-0.033903234750719,-0.05545826173274715,-0.04896471616512879,-0.007312361913156843,0.029487415789082507,0.0448404779302669,0.0426555941433357,0.004621526921812576
2025-09-06 23:00:00,200.52,SOLUSDT,11019.435,2206138.38765,0.12000000000000455,0.12000000000000455,-0.0,0.12752684227323696,0.14039285534047344,0.9083570667749831,47.598904973798,200.47266950477032,200.96583537973785,-0.4931658749675307,-0.6131372631382788,Alta,202.91,-0.03797353712386032,-0.032493320860434216,-0.0015936962995665158,-0.03797353712386032,-0.030573557149155165,0.011827683053933447,0.030990498307844942,0.0417595527503578,0.013067648950760931
2025-09-06 23:15:00,200.67,SOLUSDT,8567.172,1720413.40501,0.14999999999997726,0.14999999999997726,-0.0,0.129132067825147,0.13036479424472533,0.9905440235861208,49.76247758648303,200.52200212857775,200.9514043856043,-0.42940225702653834,-0.5763902619159307,Alta,202.84,-0.009480152842900968,-0.027200963745301697,0.032554727775312174,-0.009480152842900968,-0.025787310718997564,0.003567731987411841,0.019326789814797917,0.037882164562774,0.021146601374726334
2025-09-06 23:30:00,200.28,SOLUSDT,7970.039,1597331.5487,-0.38999999999998636,0.0,0.38999999999998636,0.11990834869477936,0.1489101660843868,0.8052395067965189,44.60568826268674,200.46150159643332,200.91865295216016,-0.4571513557268361,-0.5525424806781118,Alta,202.73,0.0036398853678273483,-0.023776526489419053,-0.005583954168522375,0.0036398853678273483,-0.01898334018212018,-0.009233291918518792,0.006435651801659231,0.028286623422074903,0.02442762020397552
2025-09-06 23:45:00,200.16,SOLUSDT,8529.701,1707179.7786,-0.12000000000000455,0.0,0.12000000000000455,0.11134346664515227,0.14684515422121663,0.7582372549891403,43.12485432995921,200.38612619732498,200.88164549107915,-0.49551929375417103,-0.5411378432933237,Alta,202.73,-0.015270085974133278,-0.026128891050932176,-0.06793796562638535,-0.015270085974133278,-0.01816607656515595,-0.02321284772676209,-0.00435158282706985,0.01657211042370149,0.02494853470185479
2025-09-07 00:00:00,200.81,SOLUSDT,14550.837,2917530.02252,0.6500000000000057,0.6500000000000057,-0.0,0.1498189333133561,0.13635621463398687,1.0987319772370217,52.35218165796955,200.49209464799372,200.8781505890753,-0.3860559410815654,-0.510121462850972,Alta,202.73,-0.009702564480612401,-0.024512847585034716,0.015296525780199006,-0.009702564480612401,-0.003713843138160376,-0.01951569640113717,-0.010737463344079197,0.008357654246337397,0.025123055161726266
2025-09-07 00:15:00,200.7,SOLUSDT,11476.515,2302994.73383,-0.11000000000001364,0.0,0.11000000000001364,0.13911758093383067,0.13447362787441736,1.034534303363558,50.84870290234146,200.5440709859953,200.86946031643745,-0.3253893304421638,-0.47317503636921043,Alta,202.73,0.00747307663954202,-0.020439050141854185,0.0789723943351488,0.00747307663954202,0.005875331932115244,-0.00898525714933774,-0.013210440165404217,0.002580740684756027,0.024737028213400652
2025-09-07 00:30:00,201.03,SOLUSDT,10537.636,2115907.48215,0.3300000000000125,0.3300000000000125,-0.0,0.15275203943855795,0.12486836874053041,1.2233045164221554,55.02190578872001,200.66555323949646,200.87729152051367,-0.2117382810172046,-0.42088768529880927,Alta,202.73,0.05660480747964195,-0.009490803793465036,0.0867292957513673,0.05660480747964195,0.023335070377652065,0.0073519662289086305,-0.004051186767405187,0.002908769799278995,0.02378397416756418
2025-09-07 00:45:00,201.15,SOLUSDT,9305.279,1871709.99934,0.12000000000000455,0.12000000000000455,-0.0,0.15041260805008985,0.11594919954477824,1.2972285159416064,56.469284920481144,200.78666492962236,200.89059437317152,-0.10392944354916267,-0.35749603694888,Alta,202.44,0.09745360560973332,0.0017038695622962623,0.12129697181352615,0.09745360560973332,0.04857273135465097,0.026968520126220072,0.011148672861506172,0.0055030059208969785,0.022230837768532727
2025-09-07 01:00:00,201.85,SOLUSDT,23864.228,4812005.839,0.6999999999999886,0.6999999999999886,-0.0,0.1896688503322255,0.10766711386300835,1.761622871897106,63.78940766401436,201.05249869721678,200.93739464765096,0.1151040495658151,-0.262976019645941,Alta,202.44,0.13634020420730858,0.013962217388527773,0.1934727288601618,0.13634020420730858,0.0981259770874315,0.05230214767042377,0.03420066548529777,0.015002254440679274,0.024081023063240184
2025-09-07 01:15:00,202.28,SOLUSDT,21450.193,4331339.71277,0.4300000000000068,0.4300000000000068,-0.0,0.2068353610227813,0.09997660572993632,2.0688375996830617,67.41437213545362,201.3593740229126,201.00288759166799,0.3564864312446048,-0.13908352946783184,Alta,202.44,0.20175515315548975,0.03269576775983021,0.2863545466451145,0.20175515315548975,0.15296948281556827,0.08612055014675815,0.06415574386922515,0.034832047973361355,0.029947985342541214
2025-09-07 01:30:00,202.48,SOLUSDT,17969.614,3635615.93707,0.19999999999998863,0.19999999999998863,-0.0,0.20634712094972468,0.09283541960636943,2.222719753135766,68.97030841645534,201.63953051718443,201.07494185548904,0.5645886616953817,0.001650908764810865,Alta,202.48,0.25206636486657313,0.05075938884471059,0.2935159099838184,0.25206636486657313,0.19499496925453774,0.125332836852494,0.09517100370610973,0.06011510740858801,0.03932189126254886
2025-09-07 01:45:00,202.7,SOLUSDT,25350.603,5142938.55464,0.21999999999999886,0.21999999999999886,-0.0,0.20732232659617283,0.08620431820591447,2.405010919533593,70.63151855803808,201.9046478878883,201.15421298448956,0.750434903398741,0.1514077076915969,Alta,202.7,0.28229977364993963,0.06647844304739764,0.272636932487849,0.28229977364993963,0.23579979836947101,0.16815114279087998,0.12738349753482864,0.08761311627072531,0.05269442596570369
2025-09-07 02:00:00,202.21,SOLUSDT,22452.614,4542686.18053,-0.4899999999999807,0.0,0.4899999999999807,0.1925135889821605,0.11504686690549062,1.6733492546155795,62.59373898590001,201.98098591591622,201.2057147901242,0.7752711257920168,0.27618039131168093,Alta,202.7,0.2402248302374435,0.06879656777677842,0.17072769936589013,0.2402248302374435,0.24176056306281019,0.19434062982043432,0.153125035738534,0.1112634086316079,0.06502269917352473
2025-09-07 02:15:00,202.33,SOLUSDT,8911.295,1801396.55531,0.12000000000000455,0.12000000000000455,-0.0,0.18733404691200653,0.10682923355509844,1.7535841143649766,63.68369519626543,202.06823943693718,201.26055797109376,0.8076814658434159,0.382480606218028,Alta,202.7,0.17591862267808323,0.06461136934866502,0.08179577452441379,0.17591862267808323,0.22310613658282258,0.20184638145623074,0.17391720337731972,0.1294207707594197,0.07714484392901824
2025-09-07 02:30:00,202.28,SOLUSDT,9106.976,1843113.1006,-0.05000000000001137,0.0,0.05000000000001137,0.17395304356114893,0.10277000258687793,1.6926441489003128,62.861784004826475,202.1211795777029,201.3102868505526,0.8108927271503035,0.46816303040448315,Alta,202.7,0.11268896700856824,0.05770349767310127,0.07009683089333064,0.11268896700856824,0.17732960243712825,0.19891508912248507,0.18318265777774953,0.1426727209267086,0.09026088858585908
2025-09-07 02:45:00,202.81,SOLUSDT,13287.509,2692399.11242,0.5300000000000011,0.5300000000000011,-0.0,0.19938496902106695,0.09542928811638665,2.089347756402571,67.63070787587661,202.29338468327717,201.38344358955,0.9099410937271557,0.5565186430690177,Alta,202.81,0.0917667252564243,0.0563033270549178,0.112572623170011,0.0917667252564243,0.14031863039929104,0.18909540775095762,0.18403909123541243,0.1547366835521713,0.1041937867401452
2025-09-07 03:00:00,202.65,SOLUSDT,7425.224,1505211.1715,-0.1599999999999966,0.0,0.1599999999999966,0.1851431855195622,0.1000414818223588,1.8506641659738348,64.92045566306183,202.38253851245787,201.44522682908416,0.9373116833737072,0.6326772511299555,Alta,202.81,0.10282504394230722,0.060190969637608914,0.1306794673774898,0.10282504394230722,0.11238182994230966,0.17103367702534258,0.1798037939510391,0.16393644123555492,0.11644985133330314
2025-09-07 03:15:00,202.97,SOLUSDT,16216.739,3290464.24318,0.3199999999999932,0.3199999999999932,-0.0,0.19477581512530726,0.09289566169219031,2.0967159453656374,67.70772593797177,202.5294038843434,201.51960600815323,1.009797876190163,0.7081013761419971,Alta,202.97,0.11836878295674089,0.06530360526505327,0.1180096005331111,0.11836878295674089,0.10366137245673207,0.1482449547387038,0.17035983847027483,0.1684344737838151,0.12751408022930358
2025-09-07 03:30:00,202.73,SOLUSDT,8520.966,1728638.46059,-0.2400000000000091,0.0,0.2400000000000091,0.180863256902071,0.10340311442846307,1.7491084084048245,63.6245701718161,202.57955291325754,201.57864961751162,1.0009032957459283,0.7666617600627834,Alta,202.97,0.11527658721756091,0.06728879525212436,0.09850720039982702,0.11527658721756091,0.10640674362828037,0.12478977666007594,0.1544831655659871,0.16464728390928396,0.13489307896896796
2025-09-07 03:45:00,202.86,SOLUSDT,8743.455,1772459.68166,0.13000000000002387,0.13000000000002387,-0.0,0.17723016712335335,0.09601717768357286,1.845817294353517,64.86070971653261,202.64966468494316,201.64115451421836,1.0085101707248043,0.8150314421951876,Alta,202.97,0.09095744041317651,0.06488446377642364,0.060130400299851526,0.09095744041317651,0.10346577200691881,0.10710748401022391,0.13342356298568284,0.15780689150339358,0.13981078667033142
2025-09-07 04:00:00,202.53,SOLUSDT,5548.457,1125597.08575,-0.3300000000000125,0.0,0.3300000000000125,0.16457086947168525,0.11273023642046141,1.4598644933012344,59.34735418462173,202.61974851370738,201.68451283059795,0.9352356831094255,0.8390722903780352,Alta,202.97,0.059468080309874535,0.06001205090926544,0.020097800224899643,0.059468080309874535,0.08590290043376536,0.09083061300766242,0.11026872119030721,0.1439980257704017,0.14125282684485957
2025-09-07 04:15:00,202.38,SOLUSDT,6779.937,1372821.635,-0.15000000000000568,0.0,0.15000000000000568,0.1528158073665649,0.11539236239042885,1.3243147484017548,56.976566934937715,202.55981138528054,201.7184390339834,0.8413723512971387,0.839532302561856,Alta,202.97,0.010101060232398963,0.05035292647468222,-0.0449266498313065,0.010101060232398963,0.04978431818246559,0.0770775052102905,0.08779769473888863,0.12474851932780077,0.13938886825394015
2025-09-07 04:30:00,202.64,SOLUSDT,8473.265,1715177.87398,0.2599999999999909,0.2599999999999909,-0.0,0.16047182112609532,0.1071500507911125,1.497636444792106,59.9621473299235,202.5798585389604,201.7633932274476,0.8164653115127862,0.8349189043520421,Baixa,202.97,-0.008924204825689659,0.044677173963692016,-0.019944987373480202,-0.008924204825689659,0.024748952922574674,0.061565704665302805,0.07043743189332835,0.10269531806728004,0.1337916511904543
2025-09-07 04:45:00,203.08,SOLUSDT,9795.442,1987519.91661,0.44000000000002615,0.44000000000002615,-0.0,0.18043811961709036,0.09949647573460448,1.8135126725331308,64.45724201769258,202.70489390422028,201.82761794805992,0.8772759561603607,0.8433903147137058,Alta,203.08,0.0070568463807371105,0.04518072645328899,0.07254125946986088,0.0070568463807371105,0.015615286120501058,0.051431854256557524,0.06336129070321789,0.08495898855045447,0.12560501658833348
2025-09-07 05:00:00,203.1,SOLUSDT,10836.472,2201273.15601,0.01999999999998181,0.01999999999998181,-0.0,0.16897825393015403,0.09238958461070415,1.8289751452197396,64.65150986958122,202.80367042816522,201.88968536522773,0.9139850629374848,0.8575092643584616,Alta,203.1,0.05129263478555733,0.05195239833359027,0.11190594460240151,0.05129263478555733,0.026532893161800446,0.04249813311665708,0.05795803096446869,0.07255852712713093,0.11701579251643461
2025-09-07 05:15:00,203.12,SOLUSDT,7429.745,1507700.13143,0.020000000000010232,0.020000000000010232,-0.0,0.15833695007800092,0.08579032856708244,1.8456270388822646,64.8583603425138,202.88275282112392,201.9497007132654,0.933052107858515,0.8726178330584724,Alta,203.12,0.08696947608912858,0.05888154963442254,0.08892945845181228,0.08696947608912858,0.043292527014201325,0.041085721049613735,0.05380943231426255,0.064981395345345,0.10690094213168647
2025-09-07 05:30:00,202.95,SOLUSDT,6121.476,1242551.87418,-0.17000000000001592,0.0,0.17000000000001592,0.14702716792957227,0.09180530509800625,1.6015105856095595,61.56079450410192,202.89956461584293,201.99849580042317,0.9010688154197624,0.8783080295307304,Alta,203.12,0.08172710706686256,0.05922879111565426,0.047947093838816617,0.08172710706686256,0.06104082383208653,0.03939004836296795,0.047017913396541176,0.06095926079472263,0.09542758629801153
2025-09-07 05:45:00,202.83,SOLUSDT,5755.891,1167624.18877,-0.11999999999997613,0.0,0.11999999999997613,0.13652522736317424,0.09381921187671838,1.4551947797490883,59.27003396031184,202.8821734618822,202.03905698089034,0.8431164809918528,0.871269719822955,Baixa,203.12,0.04504533030014626,0.053168850085617406,-0.0002896796208658712,0.04504533030014626,0.06372704644550956,0.040269808999498634,0.04194175672572645,0.0551301598817556,0.08225865964832219
2025-09-07 06:00:00,202.75,SOLUSDT,6762.748,1371942.82656,-0.0800000000000125,0.0,0.0800000000000125,0.1267734254086618,0.09283212531409653,1.3656201986082428,57.727787385805776,202.84913009641164,202.07373712816397,0.7753929682476723,0.8520943695078985,Baixa,203.12,0.009033997725117942,0.04574597934973334,-0.02521725971563841,0.009033997725117942,0.044938141976977146,0.03841447796173837,0.035529744117724124,0.04774940562560144,0.06966391954827536
2025-09-07 06:15:00,202.51,SOLUSDT,6909.394,1400393.37423,-0.2400000000000091,0.0,0.2400000000000091,0.11771818073661452,0.10334411636309028,1.1390893345395907,53.25113430967407,202.76434757230874,202.09501824386328,0.6693293284454569,0.8155413612954102,Baixa,203.12,-0.02872450170617583,0.03658763889362183,-0.05891294478672265,-0.02872450170617583,0.009596463625588643,0.033341161501611156,0.029269685710675186,0.03697276850491765,0.058001699059699874
2025-09-07 06:30:00,202.4,SOLUSDT,14615.617,2958308.03814,-0.10999999999998522,0.0,0.10999999999998522,0.10930973925542777,0.10381953662286848,1.0528821723844022,51.28799823720472,202.67326067923156,202.1098954026992,0.5633652765323518,0.7651061443427986,Baixa,203.12,-0.05704337627962929,0.027876046752527885,-0.08793470859003545,-0.05704337627962929,-0.02423122370938865,0.019914962035292902,0.020142823723563786,0.0265420763786795,0.047349018655677616
2025-09-07 06:45:00,202.28,SOLUSDT,9851.694,1994159.15298,-0.12000000000000455,0.0,0.12000000000000455,0.10150190073718292,0.10497528400694964,0.9669123708249575,49.15889417175294,202.57494550942369,202.11819318793337,0.4567523214903133,0.7034353797723015,Baixa,203.12,-0.07903253220972944,0.019443068862134157,-0.0947010314425311,-0.07903253220972944,-0.05335198921060184,-0.0035183239280611213,0.009766208701761241,0.014844057284013093,0.03792341812710148
2025-09-07 07:00:00,202.57,SOLUSDT,6343.12,1284077.39482,0.28999999999999204,0.28999999999999204,-0.0,0.11496605068452644,0.09747704943502467,1.1794166047379124,54.11616127792805,202.57370913206776,202.14023254461955,0.4334765874482116,0.6494436213074836,Baixa,203.12,-0.074024399157301,0.015616577698109634,-0.04977577358193119,-0.074024399157301,-0.06313899190795079,-0.025866015673326883,-0.00149527354361183,0.006624114391583866,0.028677526001336714
2025-09-07 07:15:00,202.59,SOLUSDT,6558.337,1327888.82341,0.020000000000010232,0.020000000000010232,-0.0,0.10818276134991814,0.0905144030468086,1.195199412561695,54.44605194964739,202.57778184905084,202.16217242049177,0.41560942855906546,0.6026767827578,Baixa,203.12,-0.047268299367954715,0.01646454951771713,0.0014181698135720595,-0.047268299367954715,-0.05905067250239604,-0.039581329936796264,-0.015002574038827673,-0.00021941420631689908,0.019976189613783505
2025-09-07 07:30:00,203.03,SOLUSDT,17833.227,3619955.16518,0.4399999999999977,0.4399999999999977,-0.0,0.1318839926820667,0.08404908854346514,1.569130551771114,61.07632602357956,202.69083638678813,202.2045054731507,0.4863309136374312,0.5794076089337262,Baixa,203.12,0.0037987754740154726,0.02331993734614617,0.0585636273601976,0.0037987754740154726,-0.03384157580534855,-0.039004179270779094,-0.023376056403230885,-0.0022270606547373844,0.012959585819360317
2025-09-07 07:45:00,202.99,SOLUSDT,15000.929,3044143.379,-0.03999999999999204,0.0,0.03999999999999204,0.1224637074904905,0.08090272507607421,1.5137154820846368,60.21825034984886,202.76562729009112,202.24282227933847,0.5228050107526485,0.5680870892975107,Baixa,203.12,0.04984908160554031,0.03135311113415059,0.09392272052010715,0.04984908160554031,0.0014938181460009898,-0.02770767990763101,-0.023965608735979596,-0.003366724062478293,0.00887382470287097
2025-09-07 08:00:00,203.09,SOLUSDT,14689.197,2984143.76819,0.09999999999999432,0.09999999999999432,-0.0,0.12085915695545506,0.07512395899921177,1.6087964288027359,61.66814746603538,202.84672046756833,202.28414802180976,0.5625724457585761,0.5669841605897239,Baixa,203.12,0.07338681120414206,0.03684808132272427,0.0779420403900796,0.07338681120414206,0.036388220752337504,-0.009447426597393935,-0.017371059698837794,-0.004712543046858669,0.0066440903316617615
2025-09-07 08:15:00,203.69,SOLUSDT,26041.379,5298369.97563,0.5999999999999943,0.5999999999999943,-0.0,0.15508350288720787,0.0697579619278395,2.2231656229812535,68.97460084365586,203.05754035067625,202.35272616708733,0.7048141835889226,0.5945501651895636,Alta,203.69,0.11154010840311292,0.046075004185009115,0.14595653029254663,0.11154010840311292,0.07791616556425791,0.019793217930744404,0.0006255513797234682,-0.0012397644280007993,0.009046977523183005
2025-09-07 08:30:00,203.6,SOLUSDT,17480.762,3561360.90091,-0.09000000000000341,0.0,0.09000000000000341,0.14400610982383588,0.07120382179013693,2.022449163589467,66.91424914447865,203.19315526300718,202.41356879308304,0.7795864699241406,0.631557426136479,Alta,203.69,0.12965508130230027,0.05280305276137873,0.1732173977194258,0.12965508130230027,0.10620498131605215,0.05210248920563973,0.02338000269562096,0.007489819536139606,0.01338485720254103
2025-09-07 08:45:00,203.54,SOLUSDT,11359.791,2311528.82183,-0.060000000000002274,0.0,0.060000000000002274,0.13371995912213333,0.07040354880512731,1.8993354936164077,65.50933818449975,203.2798664472554,202.46851665683508,0.8113497904203086,0.667515898993245,Alta,203.69,0.13749131097670497,0.058080952626618325,0.11116304828953945,0.13749131097670497,0.12152873598703644,0.07931929114664256,0.04662591111262477,0.01946557893782125,0.01914578575904984
2025-09-07 09:00:00,203.75,SOLUSDT,18355.951,3736216.10037,0.21000000000000796,0.21000000000000796,-0.0,0.13916853347055294,0.06537472389047536,2.1287819693694927,68.0386805539691,203.39739983544155,202.5310280394285,0.8663717960130555,0.7072870783972072,Alta,203.75,0.13236848323254835,0.06095505249851063,0.10212228621717176,0.13236848323254835,0.12480726627598673,0.10062583199634362,0.07010929347433559,0.034938469917651704,0.025165730296728004
2025-09-07 09:15:00,203.51,SOLUSDT,9237.904,1882789.9279,-0.2400000000000091,0.0,0.2400000000000091,0.12922792393694202,0.0778479578982992,1.660004031265223,62.40607201168966,203.42554987658116,202.57878276921247,0.8467671073686915,0.7351830841915041,Alta,203.75,0.0940263624243902,0.05695724505958123,0.07284171466288873,0.0940263624243902,0.11798044970698883,0.10813604066393451,0.08698756451133895,0.04975742386680788,0.029472042083446677
2025-09-07 09:30:00,202.8,SOLUSDT,11014.445,2237603.36947,-0.7099999999999795,0.0,0.7099999999999795,0.11999735794144616,0.12300167519127636,0.9755749891604462,49.381825266730736,203.26916240743589,202.58957385364113,0.6795885537947584,0.7240641781121551,Baixa,203.75,0.029769771818313105,0.04622762334934669,-0.06411871400286065,0.029769771818313105,0.07884248013739108,0.09672324261916661,0.08908682722966106,0.0582912821858236,0.030558918780633423
2025-09-07 09:45:00,203.18,SOLUSDT,9477.186,1923423.15901,0.37999999999999545,0.37999999999999545,-0.0,0.13856897523134254,0.11421584124904234,1.213220282895779,54.81696929455213,203.24687180557692,202.61837512907326,0.6284966765036586,0.7049506777904558,Baixa,203.75,-0.019422671136270234,0.03582627586888559,-0.08933903550213498,-0.019422671136270234,0.030917574388759604,0.0759363713583141,0.08169274279987024,0.06394167592508261,0.03226505374713118
2025-09-07 10:00:00,203.3,SOLUSDT,9641.569,1959114.90965,0.12000000000000455,0.12000000000000455,-0.0,0.13724261985767555,0.10605756687411075,1.294038925299702,56.40876059374816,203.2601538541827,202.651625122777,0.6085287314056984,0.6856662885135044,Baixa,203.75,-0.04531700335221774,0.028078652655768557,-0.004504276626581057,-0.04531700335221774,0.000241752220140989,0.05530076336722383,0.07005452213487212,0.06608125694380695,0.034905557227641125
2025-09-07 10:15:00,202.98,SOLUSDT,10551.047,2142621.45743,-0.3200000000000216,0.0,0.3200000000000216,0.1274395755821273,0.12133916924024724,1.0502756560810258,51.226070648888374,203.19011539063703,202.6676434094708,0.522471981166234,0.6530274270440504,Baixa,203.75,-0.0479877525141429,0.023977254965246105,-0.028378207469921618,-0.0479877525141429,-0.02580082869202784,0.028930117979965978,0.05110732516759203,0.062096656993573036,0.037107739349298285
2025-09-07 10:30:00,203.26,SOLUSDT,8329.346,1691935.09181,0.28000000000000114,0.28000000000000114,-0.0,0.13833674875483257,0.11267208572308672,1.2277819112608042,55.11230273729738,203.20758654297777,202.69653885291123,0.5110476900665333,0.624631479648547,Baixa,203.75,-0.01799081438561247,0.026319827893771804,-0.026283655602458714,-0.01799081438561247,-0.03747562151902135,0.0037733460607333688,0.033688885484089375,0.05389392131660777,0.039362759399198664
2025-09-07 10:45:00,203.38,SOLUSDT,8916.155,1812429.29027,0.12000000000000455,0.12000000000000455,-0.0,0.13702698098663055,0.10462407960000909,1.3097078751899351,56.70448151726691,203.25068990723332,202.7298784210619,0.520811486171425,0.6038674809531227,Baixa,203.75,-0.0044931107892158895,0.026792031411131567,0.030287258298130792,-0.0044931107892158895,-0.025160287567831594,-0.009351808636270397,0.01771421656061026,0.044474012416026415,0.04149575375992149
2025-09-07 11:00:00,203.31,SOLUSDT,13367.031,2719276.38685,-0.06999999999999318,0.0,0.06999999999999318,0.1272393394875855,0.10215093105715081,1.245601368198968,55.46849881009707,203.265517430425,202.75817703466862,0.5073403957563869,0.5845620639137755,Baixa,203.75,0.007130166908092564,0.027533883537432375,0.028965443723611234,0.007130166908092564,-0.001995215675886001,-0.014968401931739119,0.0026038442386452387,0.0331233664548781,0.04276467246280199
2025-09-07 11:15:00,203.19,SOLUSDT,8133.178,1652922.45393,-0.12000000000000455,0.0,0.12000000000000455,0.11815081523847226,0.10342586455306893,1.1423720338141123,53.32276634419663,203.24663807281877,202.77924156956283,0.46739650325594084,0.5611289517822086,Baixa,203.75,0.017097625181060384,0.028483450194133,-0.002025917207272231,0.017097625181060384,0.0025214453859530484,-0.016711149933652004,-0.006578585352476283,0.02207466769829945,0.04179906825687167
2025-09-07 11:30:00,203.55,SOLUSDT,15847.154,3224047.73606,0.36000000000001364,0.36000000000001364,-0.0,0.13542575700715379,0.09603830279927829,1.4101223476449387,58.50833045977296,203.32247855461407,202.81683954177927,0.5056390128347914,0.5500309639927251,Baixa,203.75,0.02257321888580788,0.028996452623681973,0.0284805620945142,0.02257321888580788,0.012783941182316176,-0.006078816995697323,-0.008002120832542715,0.01307385791658424,0.03975343653099757
2025-09-07 11:45:00,203.96,SOLUSDT,10653.867,2170561.26498,0.4099999999999966,0.4099999999999966,-0.0,0.155038202935214,0.08917842402790126,1.738516963326322,63.48388513228867,203.48185891596054,202.87260346657052,0.6092554493900195,0.561875861072184,Alta,203.96,0.051929914164331493,0.03441125981279956,0.11761042157089606,0.051929914164331493,0.03932009874387179,0.016031796344132557,-0.0002585836313991883,0.008385750580293085,0.037456054841857274
2025-09-07 12:00:00,203.77,SOLUSDT,12669.231,2582741.4505,-0.18999999999999773,0.0,0.18999999999999773,0.1439640455826987,0.09637996516876528,1.4937134012303466,59.899160845563856,203.5538941869704,202.9163789072256,0.6375152797448038,0.577003744806708,Alta,203.96,0.08119743562326774,0.040976564212161455,0.11570781617818092,0.08119743562326774,0.05565078834361855,0.03096324119748901,0.01418543290582507,0.00925359864950757,0.034804447146433666
2025-09-07 12:15:00,203.49,SOLUSDT,20612.664,4194637.45827,-0.28000000000000114,0.0,0.28000000000000114,0.1336808994696488,0.10949568194242498,1.2208782766423694,54.97276863314418,203.5379206402278,202.9443604239463,0.593560216281503,0.580315039101667,Alta,203.96,0.08139807671743145,0.042977707421332806,0.028030862133611962,0.08139807671743145,0.05977380554342754,0.04008606726176335,0.02820026349055563,0.011824127558555117,0.030514989495160898
2025-09-07 12:30:00,203.61,SOLUSDT,11169.661,2274494.19898,0.12000000000000455,0.12000000000000455,-0.0,0.13270369236467422,0.10167456180368036,1.305180863438653,56.61945594549602,203.55594048017088,202.97683064716844,0.579109833002434,0.5800739978818205,Baixa,203.96,0.052298557538091685,0.039173916815392354,0.0010231466002215827,0.052298557538091685,0.06018749701472826,0.04754939893115846,0.03501383398155734,0.01609130995462957,0.026824212046182523
2025-09-07 12:45:00,203.77,SOLUSDT,9791.349,1994433.10759,0.1599999999999966,0.1599999999999966,-0.0,0.1346534286243401,0.09441209310341747,1.4262307316589509,58.78380456766189,203.60945536012815,203.01552183511143,0.5939335250167233,0.582845903308801,Alta,203.96,0.025723918153556517,0.03462884770245349,0.03576735995015524,0.025723918153556517,0.057551337046761936,0.04967720071352644,0.04086701884281387,0.02406848246596838,0.023777933470727857
2025-09-07 13:00:00,203.52,SOLUSDT,6236.399,1269952.36843,-0.25,0.0,0.25,0.1250353265797444,0.10552551502460195,1.1848824101980833,54.23094646501644,203.58709152009612,203.04013052608158,0.5469609940145403,0.575668921449949,Baixa,203.96,0.013792938615168499,0.03186646488769127,0.015575519962627097,0.013792938615168499,0.03753850278506612,0.04666699144424322,0.043928236160082935,0.031533504706617484,0.020423675666955018
2025-09-07 13:15:00,203.27,SOLUSDT,10076.201,2047941.94344,-0.25,0.0,0.25,0.11610423182404837,0.11584512109427324,1.002236699546149,50.055855023201204,203.5078186400721,203.05134367115076,0.4564749689213272,0.5518301309442246,Baixa,203.96,-0.0029052960386243072,0.027726637332182863,-0.05081836002804985,-0.0029052960386243072,0.007707448517377053,0.03760630418923613,0.03847065264453805,0.03197155710139257,0.018152343216383024
2025-09-07 13:30:00,203.46,SOLUSDT,12730.939,2591604.50332,0.18999999999999773,0.18999999999999773,-0.0,0.12138250097947333,0.10757046958753944,1.12839984286481,53.01634684139012,203.49586398005408,203.07127812621658,0.4245858538374989,0.5263812755228795,Baixa,203.96,-0.02217897202898671,0.0224716794135591,-0.04561377002101757,-0.02217897202898671,-0.007255127897695297,0.025765334202534962,0.031125716756129632,0.030621524968898927,0.017174407788227774
2025-09-07 13:45:00,203.43,SOLUSDT,11956.924,2432339.87981,-0.030000000000001137,0.0,0.030000000000001137,0.11271232233808237,0.10202972175985812,1.1047008694522102,52.487309977675366,203.47939798504058,203.088776754206,0.3906212308345687,0.4992292665852174,Baixa,203.96,-0.03513422902174361,0.017765743832408674,-0.01421032751575354,-0.03513422902174361,-0.014191345923261064,0.008975515803431429,0.023090791063605058,0.0283500722981103,0.01687516674342515
2025-09-07 14:00:00,203.62,SOLUSDT,29563.963,6022294.12135,0.18999999999999773,0.18999999999999773,-0.0,0.1182328707425049,0.09474188449129683,1.2479472133928895,55.51496965577443,203.51454848878043,203.11469008326912,0.3998584055113099,0.47935509437043594,Baixa,203.96,-0.017350671766289592,0.01865521974303338,0.009342254363181767,-0.017350671766289592,-0.01698279515672648,-0.0036623025413792983,0.015482428962037905,0.02417326850929551,0.01863381866659451
2025-09-07 14:15:00,203.59,SOLUSDT,15954.443,3249151.36858,-0.030000000000001137,0.0,0.030000000000001137,0.10978766568946884,0.09011746417049,1.2182729141353277,54.91988413022681,203.5334113665853,203.13787593286574,0.3955354337195729,0.46259116224026336,Baixa,203.96,0.006986996175275341,0.02164764804824968,0.027006690772361005,0.006986996175275341,-0.014344239224690091,-0.0069739996332983745,0.005999933609642055,0.019808522810538562,0.02093025121798836
2025-09-07 14:30:00,203.9,SOLUSDT,14119.433,2875232.2921,0.3100000000000023,0.3100000000000023,-0.0,0.1240885467116498,0.08368050244402644,1.4828848188937696,59.7242694308493,203.625058524939,203.1750527166284,0.4500058083106069,0.4600740914543321,Baixa,203.96,0.031240247131458086,0.02566483594831879,0.05525501807926934,0.031240247131458086,0.006563249152907302,-0.001109287603766638,0.001484215941502083,0.017802820679337812,0.021904455330787078
2025-09-07 14:45:00,203.68,SOLUSDT,14163.878,2885696.8169,-0.21999999999999886,0.0,0.21999999999999886,0.1152250790893891,0.09341760941231018,1.2334406737045576,55.226032561620606,203.63879389370425,203.199684291427,0.4391096022772558,0.4558811936189169,Baixa,203.96,0.04293018534857724,0.028217770780095693,0.052691263559476294,0.04293018534857724,0.025190294007535294,0.0035771252062677034,0.0026253997183584695,0.01522711550950115,0.022187739994328114
2025-09-07 15:00:00,203.64,SOLUSDT,14431.074,2939282.23821,-0.040000000000020464,0.0,0.040000000000020464,0.10699471629728988,0.08960206588286092,1.1941099264069068,54.42343211866287,203.63909542027818,203.2211631064793,0.41793231379887175,0.4482914176549079,Baixa,203.96,0.03544763901144837,0.027475440498153827,0.007018447669596728,0.03544763901144837,0.030678434791375723,0.008258601480454835,0.005955063774779402,0.01078640806070108,0.022095692213791207
2025-09-07 15:15:00,204.09,SOLUSDT,27792.276,5666915.46654,0.45000000000001705,0.45000000000001705,-0.0,0.13149509370462753,0.08320191831979942,1.5804334366331054,61.2468205610923,203.75182156520864,203.26354539396812,0.48827617124052836,0.456288368372032,Alta,204.09,0.04508572925856001,0.029744931205553174,0.05651383575219979,0.04508572925856001,0.041848111807813566,0.021648496564884323,0.012298465663255506,0.009929091759805614,0.021938310513729534
2025-09-07 15:30:00,205.28,SOLUSDT,85427.864,17497255.85666,1.1899999999999977,1.1899999999999977,-0.0,0.20710258701143966,0.07725892415409948,2.680629963191773,72.83073794430508,204.13386617390648,203.36190903328674,0.7719571406197474,0.5194221228215751,Alta,205.28,0.11306429694391901,0.04375737358576054,0.24738537681416517,0.11306429694391901,0.08245751242730363,0.052660614847906455,0.03265916393276346,0.02164324739128287,0.02666989829882789
2025-09-07 15:45:00,205.2,SOLUSDT,81461.211,16720139.43643,-0.0800000000000125,0.0,0.0800000000000125,0.19230954508205111,0.07745471528595041,2.4828642694260132,71.28799968524748,204.40039963042986,203.45157200727274,0.9488276231571149,0.6053032228886831,Alta,205.28,0.20179822270795417,0.06445213584988597,0.32428903261059716,0.20179822270795417,0.13327170574904496,0.08629849143896208,0.06166220511739841,0.03975029268631817,0.034496784626374746
2025-09-07 16:00:00,204.8,SOLUSDT,39745.71,8153094.64992,-0.39999999999997726,0.0,0.39999999999997726,0.17857314900476176,0.1004936641940952,1.7769592783467671,63.989389120774604,204.5002997228224,203.51734898252772,0.9829507402946831,0.6808327263698831,Alta,205.28,0.23709866703096957,0.07803983654012685,0.18321677445795392,0.23709866703096957,0.16584663645465184,0.11376932312468195,0.08795994055134386,0.0568752195147389,0.042256047116399915
2025-09-07 16:15:00,204.23,SOLUSDT,51301.377,10483436.35505,-0.5700000000000216,0.0,0.5700000000000216,0.1658179240758502,0.13402983103737565,1.237171775808701,55.30070552412023,204.4327247921168,203.55211244679467,0.8806123453221346,0.7207886501603334,Alta,205.28,0.1728240002732164,0.07325740548941634,0.016162580843456495,0.1728240002732164,0.16974212019811782,0.1242815377980591,0.10166925611280643,0.06938855749319932,0.04689504285609645
2025-09-07 16:30:00,204.21,SOLUSDT,20483.964,4180579.51982,-0.01999999999998181,0.0,0.01999999999998181,0.1539737866418609,0.12588484310613324,1.223132053412069,55.01841654141969,204.3770435940876,203.58420452256078,0.7928390715268279,0.7351987344336324,Alta,205.28,0.05186800020491133,0.05451314180697712,-0.06162806436739171,0.05186800020491133,0.1407887330057283,0.12254448668186153,0.10622571830837749,0.07890748954846266,0.05015248514959186
2025-09-07 16:45:00,203.45,SOLUSDT,22568.759,4594333.60097,-0.7600000000000193,0.0,0.7600000000000193,0.14297565902458512,0.17117878288426797,0.8352417082042775,45.51126450921462,204.1452826955657,203.57765796048463,0.5676247350810684,0.7016839345631196,Baixa,205.28,-0.06334899984633527,0.03190274464569255,-0.14372104827554982,-0.06334899984633527,0.0606808354685985,0.09896897107200375,0.09495775026975332,0.07925204573278244,0.051029777396026564
2025-09-07 17:00:00,203.03,SOLUSDT,31358.363,6373591.72035,-0.4199999999999875,0.0,0.4199999999999875,0.13276311195140048,0.18895172696396223,0.7026297884894256,41.26732618209384,203.86646202167427,203.55094293802196,0.31551908365230474,0.6244509643809567,Baixa,205.28,-0.1555117498847781,0.009273342467844522,-0.2552907862066909,-0.1555117498847781,-0.05127508768427535,0.05887824345553068,0.06990712389113247,0.06836760572815426,0.0480636864304796
2025-09-07 17:15:00,201.81,SOLUSDT,78438.506,15870802.31323,-1.2199999999999989,0.0,1.2199999999999989,0.12328003252630045,0.262598032180822,0.4694628954470277,31.94792443562936,203.3523465162557,203.4660188922648,-0.11367237600910585,0.4768262963029442,Baixa,205.28,-0.26713381241356043,-0.020544869359882468,-0.39646808965500174,-0.26713381241356043,-0.16783131576321,-0.011265559832595508,0.023479293967291714,0.04300784715325407,0.037030847529628125
2025-09-07 17:30:00,202.51,SOLUSDT,49178.343,9943205.11729,0.6999999999999886,0.6999999999999886,-0.0,0.16447431591727815,0.24384102988219186,0.6745145228296544,40.2811987375204,203.14175988719177,203.41938382434944,-0.27762393715767075,0.32593624961082124,Baixa,205.28,-0.3263503593101787,-0.044128046464257296,-0.3623510672412183,-0.3263503593101787,-0.24096277253669843,-0.0894037153289949,-0.025616054000052492,0.012425528222081553,0.023553210835193485
2025-09-07 17:45:00,201.98,SOLUSDT,37366.28,7550876.50805,-0.5300000000000011,0.0,0.5300000000000011,0.1527261504946154,0.26428095631917825,0.5778931354787611,36.62435195926104,202.85131991539382,203.34916997925922,-0.49785006386539976,0.16117898691557705,Baixa,205.28,-0.3312627694826273,-0.05885350761236022,-0.25051330043091796,-0.3312627694826273,-0.28598993654537413,-0.16984066528462496,-0.08187812441613,-0.023207639547714702,0.007394231434661191
2025-09-07 18:00:00,202.0,SOLUSDT,30301.447,6120794.36304,0.020000000000010232,0.020000000000010232,-0.0,0.14324571117357218,0.24540374515352267,0.5837144461017039,36.8573038869798,202.63848993654537,203.28335680953924,-0.6448668729938731,-3.0185066312991617e-05,Baixa,205.28,-0.2956970771119796,-0.06520211699711441,-0.2516349753232138,-0.2956970771119796,-0.3045817381233089,-0.22550171108468856,-0.14080544645894844,-0.06125394394650512,-0.011018236198441824
2025-09-07 18:15:00,201.82,SOLUSDT,16865.02,3407571.26469,-0.18000000000000682,0.0,0.18000000000000682,0.13301387466117418,0.2407320490711287,0.5525391204636521,35.589384716994516,202.43386745240903,203.21197355053732,-0.7781060981282906,-0.1556453676787085,Baixa,205.28,-0.2340228078339806,-0.0644117698265128,-0.20872623149235325,-0.2340228078339806,-0.2889720178782035,-0.25642931361653526,-0.19548170722182912,-0.09860117224559228,-0.03217909068266898
2025-09-07 18:30:00,201.92,SOLUSDT,14976.531,3020716.33619,0.09999999999999432,0.09999999999999432,-0.0,0.13065574075680417,0.2235369027089052,0.5844929368416052,36.88832706358945,202.30540058930677,203.1489504505111,-0.8435498612043375,-0.2932262663838343,Baixa,205.28,-0.20901710587548636,-0.06780631763987141,-0.1665446736193349,-0.20901710587548636,-0.25083615626579175,-0.26386743975785304,-0.2285168748219622,-0.13451337918420284,-0.05374897966613867
2025-09-07 18:45:00,202.14,SOLUSDT,12268.671,2478083.18122,0.21999999999999886,0.21999999999999886,-0.0,0.13703747355988952,0.20756998108684055,0.6601989017986059,39.76625337381971,202.2640504419801,203.0997333553642,-0.8356829133841188,-0.4017175957838912,Baixa,205.28,-0.1507628294066135,-0.06332796068181866,-0.08490850521445649,-0.1507628294066135,-0.19125211719934,-0.2514611858790013,-0.2382408029696203,-0.16668860581672448,-0.074379403922533
2025-09-07 19:00:00,202.01,SOLUSDT,12752.146,2578987.82854,-0.12999999999999545,0.0,0.12999999999999545,0.12724908259132597,0.2020292681520659,0.6298546926158568,38.64483720355237,202.20053783148506,203.04657563071228,-0.8460377992272186,-0.4905816364725567,Baixa,205.28,-0.10457212205498072,-0.058580255282697544,-0.05243137891085939,-0.10457212205498072,-0.15468908789949778,-0.2199443742577341,-0.23092710572371866,-0.19232002579110563,-0.09353455294190179
2025-09-07 19:15:00,202.06,SOLUSDT,18055.856,3651030.71972,0.05000000000001137,0.05000000000001137,-0.0,0.12173129097766065,0.18759860614120405,0.6488922997969102,39.35322518498222,202.1654033736138,202.99844999018973,-0.8330466165759276,-0.5590746324932309,Baixa,205.28,-0.06417909154121064,-0.05294219404940505,-0.04932353418314459,-0.06417909154121064,-0.11083824449603433,-0.1794128261478482,-0.2119540705515254,-0.20237394791475924,-0.11091783199965385
2025-09-07 19:30:00,202.79,SOLUSDT,19286.69,3904597.62339,0.7299999999999898,0.7299999999999898,-0.0,0.165179055907827,0.17419870570254664,0.948222061935861,48.67114896510592,202.32155253021034,202.98828169798534,-0.6667291677750029,-0.5806055395495853,Baixa,205.28,-0.006634318655930056,-0.042262087022625947,0.0605073493626476,-0.006634318655930056,-0.05687868337204952,-0.12495355900482208,-0.17365086759895915,-0.19387867522178787,-0.12256619354861135
2025-09-07 19:45:00,203.08,SOLUSDT,19305.547,3916584.72818,0.29000000000002046,0.29000000000002046,-0.0,0.17409483762869796,0.16175594100950758,1.0762809485833051,51.83696114524754,202.51116439765775,202.99275576149824,-0.4815913638404936,-0.560802704407767,Alta,205.28,0.06152426100805316,-0.027224912045899816,0.1728805120219792,0.06152426100805316,0.005912416042406101,-0.07570001773846148,-0.1242154234264929,-0.1703643635591981,-0.12932878049980975
2025-09-07 20:00:00,202.7,SOLUSDT,26066.992,5292350.33647,-0.3800000000000239,0.0,0.3800000000000239,0.16165949208379096,0.17734480236597303,0.9115547223661312,47.68656171337876,202.5583732982433,202.97847499264466,-0.42010169440135314,-0.5326625024064843,Alta,205.28,0.10614319575603563,-0.014189550482677284,0.11841038401648553,0.10614319575603563,0.04907716917464923,-0.027714407243240508,-0.07421051861881722,-0.14049648695510894,-0.1337165101868875
2025-09-07 20:15:00,202.95,SOLUSDT,9546.732,1936037.19748,0.25,0.25,-0.0,0.16796952836352017,0.1646773164826892,1.0199918965838688,50.49485091048331,202.65627997368247,202.9770859686132,-0.3208059949307369,-0.4902912009113348,Alta,205.28,0.12185739681701989,-0.005253474849367035,0.07255778801236366,0.12185739681701989,0.07993287688097765,0.013320255173632863,-0.03466138546760451,-0.10307772235918806,-0.13330054053490312
2025-09-07 20:30:00,203.23,SOLUSDT,12664.65,2571476.80193,0.28000000000000114,0.28000000000000114,-0.0,0.1759717049089831,0.15291465101963997,1.150783811332648,53.505322351278544,202.79970998026187,202.98942323843696,-0.18971325817508955,-0.4301756123640858,Alta,205.28,0.11014304761278913,-0.0013386711981907596,0.120668341009283,0.11014304761278913,0.10771751480360685,0.050353827743871475,0.005699765095099472,-0.06254936319796466,-0.12315585652899588
2025-09-07 20:45:00,204.92,SOLUSDT,37745.524,7699970.79334,1.6899999999999977,1.6899999999999977,-0.0,0.28411658312976984,0.14199217594680855,2.0009312571997087,66.67701075788251,203.3297824851964,203.08359771461076,0.2461847705856428,-0.2949035357741401,Alta,205.28,0.18785728570957427,0.01926321520170199,0.3367512557569989,0.18785728570957427,0.16409170753128346,0.1007047647472909,0.055638460184956204,-0.011929879541334414,-0.09922403525388965
2025-09-07 21:00:00,204.76,SOLUSDT,55295.686,11330557.70632,-0.1599999999999966,0.0,0.1599999999999966,0.26382254147764345,0.14327844909346485,1.8413274511754665,64.80518288779786,203.68733686389731,203.16537343584926,0.5219634280480534,-0.1315301430097014,Alta,205.28,0.2931429642821789,0.04803086324068793,0.44381344181771076,0.2931429642821789,0.21342592350560888,0.15113463416652878,0.10630926471914415,0.03485616177257359,-0.06699697380883612
2025-09-07 21:15:00,204.92,SOLUSDT,35309.359,7223948.35356,0.1599999999999966,0.1599999999999966,-0.0,0.2564066456578115,0.13304427415821735,1.9272279643759085,65.83798692244312,203.995502647923,203.25096497556393,0.7445376723590584,0.04368342006405056,Alta,205.28,0.3566072232116391,0.07237082113138617,0.33286008136328304,0.3566072232116391,0.2637301569149281,0.19886612714005297,0.15219698350439442,0.08213319275800093,-0.030212016070910154
2025-09-07 21:30:00,204.59,SOLUSDT,46295.819,9486167.03687,-0.3299999999999841,0.0,0.3299999999999841,0.23809188525368213,0.14711254028977214,1.618433648040508,61.80922893546128,204.14412698594225,203.31628375724372,0.8278432286985264,0.20051538179094575,Alta,205.28,0.3354554174087203,0.08210882985665606,0.22839506102248563,0.3354554174087203,0.29726190340049125,0.22948292868836412,0.18704109427165483,0.1217784659970672,0.008474446593435742
2025-09-07 21:45:00,204.68,SOLUSDT,23889.254,4893458.36166,0.09000000000000341,0.09000000000000341,-0.0,0.22751389344984793,0.13660450169764554,1.6654933814217725,62.483493413643345,204.2780952394567,203.3828065007928,0.8952887386638793,0.33947005316553247,Alta,205.28,0.23534156305652656,0.07493278937584812,0.14129629576683228,0.23534156305652656,0.2935714275503675,0.24150613591022732,0.2123000514729797,0.15407492092637692,0.045765609381164855
2025-09-07 22:00:00,205.09,SOLUSDT,28549.131,5845176.55134,0.4099999999999966,0.4099999999999966,-0.0,0.2405486153462871,0.12684703729067087,1.8963676289503575,65.47399611828973,204.48107142959253,203.46608423246144,1.0149871971310915,0.4745734819586443,Alta,205.28,0.18700617229240202,0.07332631184533032,0.16847222182512217,0.18700617229240202,0.26419642780562286,0.24940232920540684,0.2283946190243148,0.1797436906947813,0.08135428222384601
2025-09-07 22:15:00,205.26,SOLUSDT,50802.541,10432767.042,0.1699999999999875,0.1699999999999875,-0.0,0.23550942853583715,0.11778653462705153,1.9994596944509198,66.66066219025959,204.6758035721944,203.55359231868283,1.1222112535115798,0.6041010362692314,Alta,205.28,0.1697546292193301,0.0755055161455466,0.1988541663688396,0.1697546292193301,0.21100446371135367,0.25438508023738643,0.23443407615634076,0.19929883944965962,0.11068300490096743
2025-09-07 22:30:00,205.95,SOLUSDT,36921.451,7583725.10182,0.6899999999999977,0.6899999999999977,-0.0,0.26797304078327716,0.10937321072511928,2.4500793110733188,71.01515907792566,204.9943526791458,203.67049025435682,1.3238624247889845,0.7480533139731821,Alta,205.95,0.2098159719144692,0.08791988121163474,0.2566406247766072,0.2098159719144692,0.20066406206923212,0.25365244654167696,0.24226786480957932,0.21717055815867672,0.13924721608174032
2025-09-07 22:45:00,207.1,SOLUSDT,109966.896,22744491.76034,1.1500000000000057,1.1500000000000057,-0.0,0.33097496644161495,0.1015608385304679,3.258883751164811,76.51966903941675,205.52076450935937,203.83778341268086,1.6829810966785033,0.9350388705142464,Alta,207.1,0.29986197893585564,0.11143598456713105,0.4224804685824565,0.29986197893585564,0.23835518940908504,0.2586332743001995,0.2602760734323609,0.2366368471904358,0.16795984815153353
2025-09-07 23:00:00,207.29,SOLUSDT,59770.003,12404404.05241,0.18999999999999773,0.18999999999999773,-0.0,0.3209053259814994,0.09430649292114877,3.4027914308065053,77.28713667872249,205.96307338201953,204.0061842218184,1.9568891602011433,1.1394089284516258,Alta,207.29,0.38089648420187916,0.1364391072711911,0.48436035143684564,0.38089648420187916,0.30198067777108795,0.2625810163312134,0.27639586626307344,0.2542990639642545,0.19561650265500583
2025-09-07 23:15:00,207.51,SOLUSDT,92446.35,19196639.96898,0.21999999999999886,0.21999999999999886,-0.0,0.3136978026971065,0.08757031485535242,3.5822390637200368,78.1766078527522,206.34980503651465,204.1771020646565,2.1727029718581434,1.3460677371329295,Alta,207.51,0.43167236315141805,0.1582713459408827,0.4145202635776333,0.43167236315141805,0.3580033654711797,0.2846175804302183,0.2880311654315694,0.27252786940176615,0.22056764014915048
2025-09-07 23:30:00,207.13,SOLUSDT,84002.198,17408186.73022,-0.37999999999999545,0.0,0.37999999999999545,0.2912908167901703,0.1084581495085412,2.685743930816659,72.86843528008123,206.54485377738598,204.32114586638056,2.2237079110054196,1.5215957719074276,Alta,207.51,0.39300427236356306,0.164062987602306,0.2908901976832248,0.39300427236356306,0.37528823838908604,0.3045237913832684,0.2878590384093539,0.2866637591941816,0.2403881361268978
2025-09-07 23:45:00,206.35,SOLUSDT,78946.061,16308594.72505,-0.7800000000000011,0.0,0.7800000000000011,0.2704843298765867,0.15642542454364547,1.7291583555914645,63.35866704285544,206.49614033303948,204.42011436070345,2.0760259723360264,1.6324818119931475,Alta,207.51,0.2532532042726723,0.14796235406070796,0.07316764826242586,0.2532532042726723,0.33539475022038623,0.30768072232533156,0.2837177053804294,0.28652460510992156,0.252484711117731
2025-09-08 00:00:00,206.03,SOLUSDT,60139.863,12398387.58329,-0.3199999999999932,0.0,0.3199999999999932,0.2511640205996877,0.16810932279052745,1.494051706535339,59.904600318444494,206.37960524977962,204.4986453674984,1.8809598822812177,1.6821774260507616,Alta,207.51,0.09793990320450431,0.12279345874070052,-0.08262426380319002,0.09793990320450431,0.23886749123673276,0.28407872356218583,0.2692043629514066,0.27220595383243956,0.2555496235638639
2025-09-08 00:15:00,207.02,SOLUSDT,45229.662,9325284.57761,0.9900000000000091,0.9900000000000091,-0.0,0.30393801912828206,0.15610151401977548,1.9470536274861379,66.06780444463752,206.5397039373347,204.62163827640092,1.9180656609337916,1.7293550730273677,Alta,207.51,0.021454927403362103,0.1066571924606718,0.021781802147629748,0.021454927403362103,0.14415061842754354,0.2510438911564829,0.25602914633943835,0.2526901796600397,0.25406259361274525
2025-09-08 00:30:00,206.51,SOLUSDT,41134.049,8502042.01143,-0.5100000000000193,0.0,0.5100000000000193,0.28222816061911904,0.1813799773040786,1.5560050498075166,60.87644662222767,206.53227795300103,204.71375348243012,1.8185244705709067,1.7471889525360755,Alta,207.51,0.0018411955525265216,0.09867391477964983,0.07633635161072261,0.0018411955525265216,0.06864867810637519,0.20372231230674911,0.23153234926507058,0.23477656331646413,0.24835709558550012
2025-09-08 00:45:00,205.66,SOLUSDT,23689.22,4879839.53735,-0.8499999999999943,0.0,0.8499999999999943,0.26206900628918195,0.22913855035378686,1.1437141671907713,53.351989957203614,206.31420846475078,204.75991184914085,1.5542966156099283,1.7086104851508461,Baixa,207.51,-0.021119103335627682,0.08947030918065167,-0.11274773629198113,-0.021119103335627682,-0.003156348563079027,0.13262506756340267,0.18803737383690924,0.21018956534448013,0.23619827281694797
2025-09-08 01:00:00,206.18,SOLUSDT,27104.003,5583831.27795,0.5200000000000102,0.5200000000000102,-0.0,0.2804926486970983,0.2127715110428021,1.3182810392349618,56.86459134695755,206.28065634856307,204.82918444186566,1.4514719066974067,1.6571827694601582,Baixa,207.51,-0.04233932750170656,0.07993517214744003,-0.12581080221898805,-0.04233932750170656,-0.03584940427946287,0.06107486127860068,0.13823956883922958,0.18418681686550423,0.2185866745375208
2025-09-08 01:15:00,206.17,SOLUSDT,1405.689,289874.5666,-0.010000000000019327,0.0,0.010000000000019327,0.2604574595044484,0.19828783168260333,1.313532238939196,56.77605078637152,206.2529922614223,204.8945900788478,1.3584021825744799,1.5974266520830227,Baixa,207.51,-0.08250449562628104,0.06613345643290712,-0.030608101664237934,-0.08250449562628104,-0.041172767495281405,0.007518267171082033,0.08364471159445229,0.15357761264912717,0.1965283517677973
