data,valor_fechamento,criptomoeda,volume_compra,volume_venda,change,gain,loss,avg_gain,avg_loss,rs,rsi,variacao_diaria,total_linhas,ano,mes,ema_short,ema_long,macd,macd_signal,indicativo_macd,grad_n3,grad_n5,grad_n7,grad_n10,max_50,gradiente_ema_curto,gradiente_ema_longo
2025-09-06 03:00:00,203.98,SOLUSDT,8536.578,1742691.3114,,0.0,-0.0,,,,,,149,2025,9,203.98,203.98,0.0,0.0,Neutro,,,,,203.98,,
2025-09-06 03:15:00,204.38,SOLUSDT,13625.023,2784045.02826,0.4000000000000057,0.4000000000000057,-0.0,,,,,0.1960976566329986,149,2025,9,204.07999999999998,203.99951219512192,0.08048780487806084,0.016097560975612168,Alta,0.09999999999999432,0.09999999999999432,0.09999999999999432,0.09999999999999432,204.38,0.09999999999999432,0.01951219512190505
2025-09-06 03:30:00,204.21,SOLUSDT,10288.937,2100389.85635,-0.1699999999999875,0.0,0.1699999999999875,,,,,-0.08317839318915388,149,2025,9,204.11249999999998,204.00977989292085,0.10272010707913637,0.03342207019631701,Alta,0.06624999999998483,0.06624999999998483,0.06624999999998483,0.06624999999998483,204.38,0.06624999999998483,0.014889946460400521
2025-09-06 03:45:00,204.07,SOLUSDT,7218.743,1472456.90988,-0.14000000000001478,0.0,0.14000000000001478,,,,,-0.06855687772392427,149,2025,9,204.10187499999998,204.0127174591198,0.0891575408801657,0.04456916433308675,Alta,0.0109374999999936,0.03981249999997133,0.03981249999997133,0.03981249999997133,204.38,0.03981249999997133,0.010842007515789037
2025-09-06 04:00:00,203.5,SOLUSDT,10868.541,2213379.35101,-0.5699999999999932,0.0,0.5699999999999932,,,,,-0.2793159210074947,149,2025,9,203.95140625,203.98770685135787,-0.036300601357879714,0.028395211194893456,Baixa,-0.08054687499996512,-0.003531250000018074,-0.003531250000018074,-0.003531250000018074,204.38,-0.003531250000018074,0.00286189667134782
2025-09-06 04:15:00,203.71,SOLUSDT,9071.004,1846088.12746,0.21000000000000796,0.21000000000000796,-0.0,,,,,0.10319410319410416,149,2025,9,203.8910546875,203.97416017568187,-0.08310548818187158,0.00609507131954045,Baixa,-0.10541015624999472,-0.053898437500007966,-0.024032366071415026,-0.024032366071415026,204.38,-0.053898437500007966,-0.007277708044311405
2025-09-06 04:30:00,203.24,SOLUSDT,14347.732,2919518.66426,-0.46999999999999886,0.0,0.46999999999999886,,,,,-0.23072014137744956,149,2025,9,203.72829101562502,203.9383474841852,-0.21005646856016824,-0.03713523665640129,Baixa,-0.11155761718749065,-0.09792382812498208,-0.04621826171874701,-0.04621826171874701,204.38,-0.09792382812498208,-0.018142210090936584
2025-09-06 04:45:00,203.23,SOLUSDT,6183.638,1257688.82671,-0.010000000000019327,0.0,0.010000000000019327,,,,,-0.004920291281251821,149,2025,9,203.60371826171877,203.90379394837126,-0.30007568665249096,-0.08972332665561923,Baixa,-0.14366821289062462,-0.12194287109375293,-0.08600298200333295,-0.061991925920754906,204.38,-0.12194287109375293,-0.026720638866990387
2025-09-06 05:00:00,203.27,SOLUSDT,18033.613,3664564.60483,0.040000000000020464,0.040000000000020464,-0.0,,,,,0.019682133543286184,149,2025,9,203.52028869628907,203.87287717040192,-0.3525884741128493,-0.14229635614706526,Baixa,-0.1040011596679625,-0.11495715332030829,-0.10700223650248852,-0.07078214518229228,204.38,-0.11495715332030829,-0.030002558922262706
2025-09-06 05:15:00,202.74,SOLUSDT,66740.35,13535323.9958,-0.5300000000000011,0.0,0.5300000000000011,,,,,-0.2607369508535462,149,2025,9,203.3252165222168,203.8176148694067,-0.49239834718989073,-0.21231675435563035,Baixa,-0.13925086975099005,-0.13396786499025828,-0.12426953451971956,-0.0820366220185207,204.38,-0.13396786499025828,-0.03785609263335017
2025-09-06 05:30:00,202.37,SOLUSDT,24062.187,4874695.07498,-0.37000000000000455,0.0,0.37000000000000455,,,,,-0.1824997533787176,149,2025,9,203.0864123916626,203.74699950992343,-0.6605871182608212,-0.30197082713666856,Baixa,-0.2169381523132471,-0.1562258987426667,-0.14052357946123056,-0.11252746651389606,204.38,-0.1562258987426667,-0.046887502748826165
2025-09-06 05:45:00,202.26,SOLUSDT,19052.439,3854124.4286,-0.11000000000001364,0.0,0.11000000000001364,,,,,-0.054355882788958976,149,2025,9,202.87980929374694,203.67446294846374,-0.7946536547167966,-0.4005073926526942,Baixa,-0.22270361423492607,-0.1881694240570221,-0.1641426845959318,-0.13678953927934692,204.38,-0.1881694240570221,-0.05845396602935756
2025-09-06 06:00:00,202.63,SOLUSDT,16861.414,3411681.478,0.37000000000000455,0.37000000000000455,-0.0,,,,,0.18293285869672715,149,2025,9,202.81735697031021,203.62351353634355,-0.8061565660333372,-0.4816372273288228,Baixa,-0.13452771067621902,-0.1851270680427512,-0.1648034420183591,-0.1477436696110374,204.38,-0.1851270680427512,-0.06418791890596937
2025-09-06 06:15:00,202.37,SOLUSDT,21521.0,4355043.22578,-0.2599999999999909,0.0,0.2599999999999909,0.07285714285714562,0.18785714285714455,0.38783269961978306,27.945205479452625,-0.1283126881508112,149,2025,9,202.70551772773265,203.56236653457069,-0.8568488068380304,-0.5566795432306644,Baixa,-0.08714578300717095,-0.15084530103206853,-0.16235258151377494,-0.1498077522082709,204.38,-0.15084530103206853,-0.06339826432519428
2025-09-06 06:30:00,202.4,SOLUSDT,14702.701,2976429.30036,0.030000000000001137,0.030000000000001137,-0.0,0.06979591836734958,0.17443877551020567,0.4001169932728983,28.577397117192987,0.014824331669704982,149,2025,9,202.6291382957995,203.50566572800625,-0.8765274322067569,-0.6206491210258829,Baixa,-0.09410933725535095,-0.10888397577409217,-0.14935372184961448,-0.14914369294408542,204.38,-0.10888397577409217,-0.05947639777271058
2025-09-06 06:45:00,202.44,SOLUSDT,7280.985,1474019.0691,0.03999999999999204,0.03999999999999204,-0.0,0.0676676384839669,0.1619788629737624,0.41775597903121353,29.466000158692765,0.019762845849791155,149,2025,9,202.58185372184963,203.45368203395716,-0.8718283121075387,-0.670884959242214,Baixa,-0.06183200294152786,-0.07841298183053812,-0.11853314853007267,-0.13905473940503346,204.38,-0.07841298183053812,-0.05594096373504702
2025-09-06 07:00:00,202.84,SOLUSDT,12954.767,2623780.26237,0.4000000000000057,0.4000000000000057,-0.0,0.0914056643065411,0.1504089441899222,0.6077142871977258,37.799893428637894,0.19758940920766577,149,2025,9,202.6463902913872,203.42374632498363,-0.7773560335964191,-0.6921791741130551,Baixa,0.00862599779384961,-0.04655973637290117,-0.07514986139755703,-0.12042741819013855,204.38,-0.04655973637290117,-0.05082189233334631
2025-09-06 07:15:00,202.98,SOLUSDT,11079.774,2247475.23818,0.13999999999998636,0.13999999999998636,-0.0,0.09487668828464434,0.13966544817635634,0.6793139571989416,40.451873474095464,0.06901991717609413,149,2025,9,202.7297927185404,203.40210016278928,-0.6723074442488723,-0.6882048281402185,Alta,0.07396949834540899,0.00658019772031502,-0.03270168176245328,-0.09244177576381148,204.38,0.00658019772031502,-0.04024521465855615
2025-09-06 07:30:00,203.21,SOLUSDT,10556.264,2143709.09099,0.2300000000000182,0.2300000000000182,-0.0,0.10452835340717104,0.12968934473518803,0.8059902964318844,44.628716888694726,0.11331165632082474,149,2025,9,202.8498445389053,203.39272942314102,-0.5428848842357183,-0.6591408393593186,Alta,0.10172712375904149,0.05893514829021001,0.005830881535296612,-0.052876786368318135,204.38,0.05893514829021001,-0.027745448089838046
2025-09-06 07:45:00,203.03,SOLUSDT,7024.155,1426380.36411,-0.18000000000000682,0.0,0.18000000000000682,0.09706204244951597,0.13328296296838937,0.7282404313935915,42.13768050816658,-0.08857831799616855,149,2025,9,202.89488340417898,203.37503530493902,-0.4801519007600348,-0.6233430516394618,Alta,0.08254534281928154,0.08295136121768983,0.04133744686577704,-0.01573334735199619,204.38,0.08295136121768983,-0.018831035987883615
2025-09-06 08:00:00,202.74,SOLUSDT,10692.434,2169786.60681,-0.28999999999999204,0.0,0.28999999999999204,0.09012903941740769,0.1444770370420753,0.623829511337223,38.41718031245162,-0.14283603408362655,149,2025,9,202.85616255313425,203.34405797299075,-0.48789541985649976,-0.5962535252828695,Alta,0.003159007114478738,0.058463520913262526,0.05394951372074809,0.008593928879941887,204.38,0.058463520913262526,-0.018644156183635522
2025-09-06 08:15:00,203.09,SOLUSDT,8829.547,1791825.77628,0.3499999999999943,0.3499999999999943,-0.0,0.10869125088759245,0.13415724868192705,0.8101779960118901,44.75681384907126,0.17263490184471486,149,2025,9,202.9146219148507,203.33166490113754,-0.41704298628684455,-0.5604114174836645,Alta,0.009869255335845584,0.037597640684958716,0.056533563862007426,0.025127264841778033,204.38,0.037597640684958716,-0.018954197345388994
2025-09-06 08:30:00,203.41,SOLUSDT,11706.989,2380775.09718,0.3199999999999932,0.3199999999999932,-0.0,0.12378473296704964,0.1245745880617894,0.9936595809223308,49.84098541349933,0.15756561130533253,149,2025,9,203.03846643613804,203.3354861254723,-0.29701968933426315,-0.5077330718537842,Alta,0.09115194150190646,0.03969823051370881,0.05543588718221578,0.043830297116188126,204.38,0.03969823051370881,-0.015785699913897333
2025-09-06 08:45:00,203.49,SOLUSDT,15392.693,3131372.02691,0.0800000000000125,0.0800000000000125,-0.0,0.1206572520408327,0.11567640320023302,1.043058469167458,51.05377476507083,0.039329433164558836,149,2025,9,203.15134982710353,203.34302338764437,-0.19167356054083484,-0.44452116959119437,Alta,0.11836395612639514,0.06952367288529014,0.05934477252952835,0.05855454101896127,204.38,0.06952367288529014,-0.007259568210790371
2025-09-06 09:00:00,203.0,SOLUSDT,16821.034,3418899.3368,-0.4900000000000091,0.0,0.4900000000000091,0.11203887689505894,0.1424138029716456,0.7867136089144795,44.03132124753046,-0.2407980736154114,149,2025,9,203.11351237032764,203.32629053946658,-0.21277816913894299,-0.3981725695007441,Alta,0.03752296709478457,0.0751427546639718,0.05308000796856664,0.060718936067255994,204.38,0.0751427546639718,-0.0024176380541593044
2025-09-06 09:15:00,202.94,SOLUSDT,10711.969,2176271.57397,-0.060000000000002274,0.0,0.060000000000002274,0.1040360999739833,0.13652710275938537,0.7620179280983935,43.246888465021414,-0.0295566502463096,149,2025,9,203.07013427774572,203.30744709851697,-0.23731282077125115,-0.36600061975484555,Alta,-0.04060777467889403,0.038607065997971056,0.045613577404996546,0.0514937475049821,204.38,0.038607065997971056,-0.005763119124690652
2025-09-06 09:30:00,203.24,SOLUSDT,7032.754,1428190.24184,0.30000000000001137,0.30000000000001137,-0.0,0.11803352140441388,0.1267751668480007,0.931046074235755,48.2145965680406,0.14782694392432294,149,2025,9,203.1126007083093,203.30415699615028,-0.19155628784099576,-0.3311117533720756,Alta,-0.0004558310091608444,0.006705299498458203,0.04126375448231536,0.04296879547721937,204.38,0.006705299498458203,-0.009823454777138687
2025-09-06 09:45:00,202.69,SOLUSDT,10492.606,2129501.98371,-0.5500000000000114,0.0,0.5500000000000114,0.1096025555898129,0.1570055120731443,0.698080940870103,41.109992113356135,-0.27061602046841715,149,2025,9,203.00695053123195,203.2741981182893,-0.26724758705734075,-0.3183389201091287,Alta,-0.03159187325689184,-0.028971025376154425,0.01228710157600459,0.028590232971551874,204.38,-0.028971025376154425,-0.015978408202674117
2025-09-06 10:00:00,202.68,SOLUSDT,7704.998,1561472.44793,-0.009999999999990905,0.0,0.009999999999990905,0.10177380161911198,0.14650511835363336,0.694677447196424,40.99172077528134,-0.0049336425082646684,149,2025,9,202.92521289842398,203.2452128442264,-0.3199999458024081,-0.31867112524778457,Baixa,-0.09369390494266287,-0.043978269032113854,-0.022481102389410396,0.014397220183216776,204.38,-0.043978269032113854,-0.019540437070822685
2025-09-06 10:15:00,202.58,SOLUSDT,14949.691,3027759.28242,-0.09999999999999432,0.0,0.09999999999999432,0.09450424436060399,0.14318332418551627,0.6600227009547498,39.759859944996094,-0.0493388592855748,149,2025,9,202.838909673818,203.21276343719094,-0.3738537633729493,-0.32970765287281756,Baixa,-0.0840204287069873,-0.06498370177407915,-0.04918225536347802,-0.0024142060747184666,204.38,-0.06498370177407915,-0.02483114745760377
2025-09-06 10:30:00,203.07,SOLUSDT,18544.736,3762059.04466,0.4899999999999807,0.4899999999999807,-0.0,0.12275394119198804,0.13295594388655083,0.9232677953588296,48.00516067428732,0.2418797512093951,149,2025,9,202.8966822553635,203.20579936708407,-0.30911711172058176,-0.32558954464237044,Alta,-0.01426532153026128,-0.05998777633055962,-0.04644026295116476,-0.01797732122270388,204.38,-0.05998777633055962,-0.02581499392307188
2025-09-06 10:45:00,202.91,SOLUSDT,9587.657,1945776.15958,-0.1599999999999966,0.0,0.1599999999999966,0.11398580253541747,0.13488766218036838,0.8450424649142375,45.800705457124394,-0.07879056482985591,149,2025,9,202.90001169152262,203.19137012966533,-0.29135843814270856,-0.3187433233424381,Alta,0.030551008852331654,-0.024240832247911945,-0.03965162578481374,-0.029952687886716216,204.38,-0.024240832247911945,-0.02050694543903213
2025-09-06 11:00:00,202.84,SOLUSDT,4883.127,989943.08563,-0.06999999999999318,0.0,0.06999999999999318,0.10584395949717337,0.13025282916748443,0.8126039194210121,44.83074932777242,-0.03449805332412792,149,2025,9,202.88500876864197,203.17423012334018,-0.2892213546982134,-0.31283892961359316,Alta,-0.00583674336080026,-0.0019306241859384842,-0.033042290767190584,-0.03431300076354116,204.38,-0.0019306241859384842,-0.016335874929812942
2025-09-06 11:15:00,202.42,SOLUSDT,44725.204,9055821.99465,-0.4200000000000159,0.0,0.4200000000000159,0.0982836766759467,0.15094905565552239,0.6511049456330339,39.43449793152912,-0.20705975152830458,149,2025,9,202.76875657648148,203.1374384100065,-0.3686818335250166,-0.3240075103958779,Baixa,-0.06562755752057071,-0.015197968139453028,-0.026210289503949595,-0.035628689966592006,204.38,-0.015197968139453028,-0.01822192981126735
2025-09-06 11:30:00,202.17,SOLUSDT,27866.703,5630233.80567,-0.25,0.0,0.25,0.09126341405623621,0.15802412310869934,0.5775283688393528,36.60969781889008,-0.12350558245233234,149,2025,9,202.6190674323611,203.0902462924452,-0.4711788600840805,-0.3534417803335184,Baixa,-0.1329706681404376,-0.06864847610461917,-0.038229145699389414,-0.042994244747659054,204.38,-0.06864847610461917,-0.028503786893669145
2025-09-06 11:45:00,202.38,SOLUSDT,6970.575,1410754.26385,0.21000000000000796,0.21000000000000796,-0.0,0.09974459876650563,0.14673668574379223,0.679752294124071,40.467412754958424,0.10387297818668095,149,2025,9,202.55930057427082,203.0556001318381,-0.4962995575672835,-0.38201333578027147,Baixa,-0.10472800110534251,-0.0947363570784623,-0.05447543070311835,-0.05051841083347746,204.38,-0.0947363570784623,-0.03555238265493938
2025-09-06 12:00:00,202.57,SOLUSDT,5431.471,1100153.47442,0.18999999999999773,0.18999999999999773,-0.0,0.1061914131403265,0.13625549390494993,0.7793550931194324,43.79986300278745,0.09388279474256134,149,2025,9,202.56197543070311,203.03191232052893,-0.46993688982581716,-0.39959804658938064,Baixa,-0.02854600082900028,-0.08555226780881703,-0.06969585874161693,-0.04887365660994874,204.38,-0.08555226780881703,-0.0366473883790987
2025-09-06 12:15:00,202.73,SOLUSDT,5362.473,1086583.07975,0.1599999999999966,0.1599999999999966,-0.0,0.11003488363030293,0.12652295862602495,0.8696831375524716,46.515001397024925,0.07898504220762437,149,2025,9,202.60398157302734,203.01718489025922,-0.41320331723187564,-0.4023191007178797,Baixa,0.022340499378259146,-0.03866420085662524,-0.062271894056216553,-0.045306757608980286,204.38,-0.03866420085662524,-0.029884101141083152
2025-09-06 12:30:00,202.42,SOLUSDT,9877.439,2000219.19875,-0.3100000000000023,0.0,0.3100000000000023,0.10217524908528129,0.13962846158130904,0.7317651997890284,42.25545125160013,-0.15291274108419906,149,2025,9,202.5579861797705,202.98805392000267,-0.4300677402321753,-0.40786882862073887,Baixa,-0.0019946254663259933,-0.007748150642469154,-0.048846777685010806,-0.04481340154006464,204.38,-0.007748150642469154,-0.024279998646409125
2025-09-06 12:45:00,202.27,SOLUSDT,8893.237,1799497.78178,-0.14999999999997726,0.0,0.14999999999997726,0.0948770170077612,0.14036928575407107,0.675910093138089,40.33092800774704,-0.0741033494713883,149,2025,9,202.4859896348279,202.95302689951473,-0.46703726468683726,-0.41970251583395857,Baixa,-0.05899596909972492,-0.015061112981865974,-0.033063654692338164,-0.049549445094442895,204.38,-0.015061112981865974,-0.024900486517312297
2025-09-06 13:00:00,202.14,SOLUSDT,8178.076,1653436.35593,-0.13000000000002387,0.0,0.13000000000002387,0.08810008722149254,0.13962862248592484,0.6309600829183386,38.68642093246929,-0.06427052949029566,149,2025,9,202.3994922261209,202.9133670507579,-0.5138748246369857,-0.438536977594564,Baixa,-0.07924697682482723,-0.04429583473638632,-0.028904883876393114,-0.05087420503294965,204.38,-0.04429583473638632,-0.03012485302866313
2025-09-06 13:15:00,202.05,SOLUSDT,8557.952,1729702.68768,-0.08999999999997499,0.0,0.08999999999997499,0.08180722384852879,0.13608372087978557,0.601153637772707,37.54503150671693,-0.04452359750666268,149,2025,9,202.3121191695907,202.87125158486725,-0.5591324152765651,-0.46265606513096424,Baixa,-0.08693523261861977,-0.07422187605228087,-0.04230366290729999,-0.05071625983531281,204.38,-0.07422187605228087,-0.03665534800285233
2025-09-06 13:30:00,201.66,SOLUSDT,39510.858,7967712.92786,-0.3900000000000148,0.0,0.3900000000000148,0.07596385071649102,0.15422059795980195,0.49256617936529606,33.001295766647786,-0.19302152932443306,149,2025,9,202.149089377193,202.812166141703,-0.6630767645099809,-0.5027402050067676,Baixa,-0.12520142446396193,-0.09916640703924996,-0.07074560432331878,-0.05332507366436033,204.38,-0.09916640703924996,-0.04335508712470397
2025-09-06 13:45:00,202.33,SOLUSDT,18464.591,3730724.47118,0.6700000000000159,0.6700000000000159,-0.0,0.11839500423674279,0.14320484096267322,0.8267528069641361,45.25805592372999,0.3322423881781278,149,2025,9,202.19431703289476,202.7886458421077,-0.5943288092129535,-0.5210579258480048,Baixa,-0.058901068347972874,-0.0833748052794011,-0.07930920324247723,-0.052296835551301164,204.38,-0.0833748052794011,-0.042996302386895426
2025-09-06 14:00:00,202.17,SOLUSDT,13356.359,2704347.85778,-0.160000000000025,0.0,0.160000000000025,0.1099382182198326,0.1444044951796269,0.7613213015500578,43.22444183693538,-0.07907873276331578,149,2025,9,202.18823777467105,202.75846799615124,-0.5702302214801875,-0.5308923849744414,Baixa,0.019574198738991664,-0.054031103959598654,-0.06939261671759132,-0.0546165660574193,204.38,-0.054031103959598654,-0.03924038519727024
2025-09-06 14:15:00,202.32,SOLUSDT,35606.373,7195999.29733,0.15000000000000568,0.15000000000000568,-0.0,0.11279977406127353,0.1340898883810821,0.8412250574830648,45.68833419163926,0.07419498441905148,149,2025,9,202.22117833100327,202.73707931341215,-0.5159009824088798,-0.5278941044613291,Alta,0.013430649054241758,-0.014273327969693626,-0.04766946253819348,-0.05390181848245866,204.38,-0.014273327969693626,-0.032204268846198654
2025-09-06 14:30:00,202.44,SOLUSDT,13275.915,2687107.51219,0.12000000000000455,0.12000000000000455,-0.0,0.11331407591404004,0.12451203921100482,0.9100652164407322,47.64576667892904,0.05931198102016033,149,2025,9,202.27588374825245,202.72258763958715,-0.44670389133469257,-0.5116560618360019,Alta,0.04382298679067791,0.028045004022725775,-0.01834138261793638,-0.04592636386184708,204.38,0.028045004022725775,-0.023072353292717094
2025-09-06 14:45:00,202.05,SOLUSDT,11458.68,2315862.65366,-0.38999999999998636,0.0,0.38999999999998636,0.10522021334875147,0.14347546498164634,0.7333672928832218,42.30882259600991,-0.19264967397746302,149,2025,9,202.21941281118933,202.68977848643655,-0.4703656752472227,-0.503397984518246,Alta,-0.0008827599069881597,0.0137837530170514,8.324875084841751e-05,-0.03476295471456989,204.38,0.0137837530170514,-0.023361506790646636
2025-09-06 15:00:00,201.52,SOLUSDT,21301.07,4298147.5268,-0.5300000000000011,0.0,0.5300000000000011,0.09770448382384064,0.17108436034010024,0.5710895118034925,36.349902886686884,-0.2623113090819085,149,2025,9,202.044559608392,202.63271612124453,-0.588156512852521,-0.520349690185101,Baixa,-0.1156620699302401,-0.028912185237198147,-0.006276849151160755,-0.031541913005627246,204.38,-0.028912185237198147,-0.02988045767890543
2025-09-06 15:15:00,202.15,SOLUSDT,9407.512,1899968.72255,0.6299999999999955,0.6299999999999955,-0.0,0.13572559212213742,0.15886404888723593,0.8543505788303146,46.07276469637262,0.31262405716554476,149,2025,9,202.070919706294,202.60916899337894,-0.5382492870849376,-0.5239296095650684,Baixa,-0.0742465524476538,-0.05318413892791465,-0.02354692257765234,-0.025459465057245088,204.38,-0.05318413892791465,-0.03456921584091102
2025-09-06 15:30:00,201.74,SOLUSDT,7344.32,1482748.86696,-0.4099999999999966,0.0,0.4099999999999966,0.12603090697055616,0.17680233110957597,0.7128350977026799,41.61726360341177,-0.2028196883502309,149,2025,9,201.9881897797205,202.56677050589704,-0.5785807261765399,-0.5348598328873627,Baixa,-0.028184914335747362,-0.07238810419593732,-0.040428049076070456,-0.02462490182323762,204.38,-0.07238810419593732,-0.039224376043798484
2025-09-06 15:45:00,201.26,SOLUSDT,34353.541,6917272.69229,-0.4800000000000182,0.0,0.4800000000000182,0.11702869932980216,0.19845930745889326,0.5896861216954626,37.09450020652751,-0.23793000892238236,149,2025,9,201.80614233479037,202.50302560317036,-0.6968832683799917,-0.5672645199858886,Baixa,-0.13238868575186072,-0.08829107814696144,-0.07032103680705633,-0.034559585458347315,204.21,-0.08829107814696144,-0.043945138188002046
2025-09-06 16:00:00,201.37,SOLUSDT,20563.294,4140963.35088,0.11000000000001364,0.11000000000001364,-0.0,0.11652664937767442,0.18428364264040087,0.6323222599037558,38.737587266685836,0.054655669283509845,149,2025,9,201.69710675109278,202.4477560615523,-0.7506493104595222,-0.6039414780806154,Baixa,-0.14554151431388662,-0.0959683086102288,-0.09354434903386985,-0.05517726485132924,204.07,-0.0959683086102288,-0.04760635095930331
2025-09-06 16:15:00,201.66,SOLUSDT,35600.698,7160688.15335,0.28999999999999204,0.28999999999999204,-0.0,0.12891760299355423,0.17112052530894367,0.7533731138377724,42.967073459270395,0.1440135074737947,149,2025,9,201.68783006331958,202.4093289365985,-0.7214988732789323,-0.6274529571202788,Baixa,-0.05915613573540202,-0.10572623145767497,-0.0912296903468328,-0.06780719106273209,203.71,-0.10572623145767497,-0.0518694557905781
2025-09-06 16:30:00,201.8,SOLUSDT,10412.588,2100632.67343,0.14000000000001478,0.14000000000001478,-0.0,0.12970920277973,0.15889763064401913,0.8163067142915401,44.94321954923482,0.06942378260439419,149,2025,9,201.71587254748968,202.3796055738376,-0.6637330263479271,-0.6347089709658085,Baixa,0.009382898198483309,-0.06629467359325804,-0.07297583918868637,-0.0731735751152426,203.71,-0.06629467359325804,-0.04680265306909873
2025-09-06 16:45:00,201.62,SOLUSDT,17010.114,3435196.53653,-0.18000000000000682,0.0,0.18000000000000682,0.12044425972403501,0.16040494274087538,0.7508762365172595,42.885740342838766,-0.08919722497522375,149,2025,9,201.69190441061727,202.3425516434065,-0.6506472327892254,-0.6378966233304919,Baixa,0.0020371736488132034,-0.02097100519493407,-0.06428545082009039,-0.07192563588187113,203.49,-0.02097100519493407,-0.03890984072425812
2025-09-06 17:00:00,201.61,SOLUSDT,7123.361,1436405.09536,-0.009999999999990905,0.0,0.009999999999990905,0.11184109831517537,0.14966173254509793,0.7472925537693748,42.76859946305305,-0.004959825414141417,149,2025,9,201.67142830796297,202.30681741689887,-0.6353891089358967,-0.6373951204515729,Alta,-0.02222211976335169,-0.004728253896197588,-0.04142837382933057,-0.06173210569928314,203.49,-0.004728253896197588,-0.03486545824988627
2025-09-06 17:15:00,201.17,SOLUSDT,10071.966,2028081.06377,-0.44000000000002615,0.0,0.44000000000002615,0.10385244843552,0.17040018022044995,0.609462080974117,37.867439573676926,-0.21824314270126877,149,2025,9,201.54607123097222,202.25136290875744,-0.7052916777852261,-0.6509744319183035,Baixa,-0.07291658982253033,-0.03279619042215743,-0.02955342322915741,-0.054814230789619396,203.49,-0.03279619042215743,-0.03887202126209963
2025-09-06 17:30:00,200.05,SOLUSDT,84318.701,16888593.09095,-1.1199999999999761,0.0,1.1199999999999761,0.09643441640441143,0.23822873877613038,0.4047975777390708,28.815367007577407,-0.5567430531391193,149,2025,9,201.17205342322916,202.1439793522327,-0.9719259290035325,-0.7151647313353493,Baixa,-0.24968744236693527,-0.12334714281663318,-0.06796863885043865,-0.07179249127403538,203.49,-0.12334714281663318,-0.05624411778589247
2025-09-06 17:45:00,200.15,SOLUSDT,35896.497,7180862.57744,0.09999999999999432,0.09999999999999432,-0.0,0.09668910094695306,0.22121240029212105,0.43708716518274154,30.41479847376975,0.04998750312421585,149,2025,9,200.91654006742186,202.04671206675792,-1.1301719993360564,-0.7981661849354907,Baixa,-0.3147655817751822,-0.20501035711245802,-0.12669076485210046,-0.09037467148582146,203.49,-0.20501035711245802,-0.0754517217963427
2025-09-06 18:00:00,200.62,SOLUSDT,19172.587,3841258.7066,0.46999999999999886,0.46999999999999886,-0.0,0.12335416516502776,0.20541151455696954,0.6005221539360992,37.5203899839349,0.23482388208844185,149,2025,9,200.8424050505664,201.97711635618435,-1.134711305617941,-0.8654752090719808,Baixa,-0.16482418633137477,-0.22875776783435736,-0.1668037879247974,-0.10452342785678209,203.49,-0.22875776783435736,-0.08640529634287222
2025-09-06 18:15:00,200.43,SOLUSDT,12338.339,2473734.68111,-0.18999999999999773,0.0,0.18999999999999773,0.11454315336752577,0.2043106920886144,0.5606322028308028,35.923403465203535,-0.0947064101285977,149,2025,9,200.73930378792483,201.90164726563876,-1.1623434777139323,-0.9248488628003712,Baixa,-0.08861813974853569,-0.19431832587574638,-0.18376355522930068,-0.12254408604410306,203.49,-0.19431832587574638,-0.08662942822857789
2025-09-06 18:30:00,199.66,SOLUSDT,29261.149,5852874.76757,-0.7700000000000102,0.0,0.7700000000000102,0.10636149955555964,0.2447170712251427,0.4346304858221589,30.295639895947176,-0.3841740258444415,149,2025,9,200.46947784094363,201.79229861853443,-1.322820777590806,-1.0044432457584582,Baixa,-0.18646360481140237,-0.15823874440683416,-0.19817980927912365,-0.1496201857452009,203.49,-0.15823874440683416,-0.08484262685154809
2025-09-06 18:45:00,200.04,SOLUSDT,34747.779,6939792.24903,0.37999999999999545,0.37999999999999545,-0.0,0.1259071067301622,0.22723728042334676,0.5540776869693002,35.65315245274772,0.1903235500350542,149,2025,9,200.36210838070772,201.7068206371425,-1.344712256434775,-1.0724970478937217,Baixa,-0.18859770360855005,-0.14817905830509973,-0.18336699981648974,-0.16829089688465107,203.49,-0.14817905830509973,-0.0864600596880825
2025-09-06 19:00:00,199.9,SOLUSDT,13260.358,2651417.56856,-0.13999999999998636,0.0,0.13999999999998636,0.11691374196372205,0.22100604610739244,0.5290069843017358,34.598075073105164,-0.06998600279943812,149,2025,9,200.2465812855308,201.61868304508675,-1.3721017595559601,-1.1324179902261695,Baixa,-0.11144827770641873,-0.15688429372882162,-0.15207882129093442,-0.17532423326955857,203.49,-0.15688429372882162,-0.09116932506914228
2025-09-06 19:15:00,200.01,SOLUSDT,11607.285,2321779.22408,0.10999999999998522,0.10999999999998522,-0.0,0.11641990325202656,0.2052198999568644,0.5672934412135329,36.19573886395426,0.055027513756877866,149,2025,9,200.1874359641481,201.54021070142397,-1.3527747372758654,-1.1764893396361087,Baixa,-0.0873362082798232,-0.13266322029665115,-0.1341484016824894,-0.16937196283095063,203.49,-0.13266322029665115,-0.08964887018772538
2025-09-06 19:30:00,199.74,SOLUSDT,17257.889,3450485.27669,-0.2699999999999818,0.0,0.2699999999999818,0.1081041958768818,0.20984704995994422,0.5151570913077731,34.000242896472685,-0.13499325033747844,149,2025,9,200.07557697311108,201.45239554525693,-1.3768185721458508,-1.2165551861380572,Baixa,-0.08550215620987704,-0.09624741522249108,-0.129539872690438,-0.15265018424442411,203.49,-0.09624741522249108,-0.08464160822736741
2025-09-06 19:45:00,199.71,SOLUSDT,16721.907,3338982.45297,-0.030000000000001137,0.0,0.030000000000001137,0.10038246759996168,0.19700083210566258,0.5095535207999575,33.75524708325213,-0.015019525382997667,149,2025,9,199.98418272983332,201.36740064061024,-1.3832179107769207,-1.24988773106583,Baixa,-0.10162661715739128,-0.09268556141685025,-0.11527990451783346,-0.12992703212270504,203.49,-0.09268556141685025,-0.0845127492894534
2025-09-06 20:00:00,200.19,SOLUSDT,10887.527,2177177.63096,0.47999999999998977,0.47999999999998977,-0.0,0.1274980056285351,0.18292934409811526,0.6969795155453615,41.07176952700999,0.24034850533272145,149,2025,9,200.035637047375,201.3099664630195,-1.2743294156445018,-1.2547760679815645,Baixa,-0.019969962868033247,-0.06251417106263815,-0.07958492838837337,-0.11039981954656997,203.49,-0.06251417106263815,-0.07902432249483841
2025-09-06 20:15:00,200.33,SOLUSDT,6137.858,1229579.3526,0.14000000000001478,0.14000000000001478,-0.0,0.12839100522649796,0.1698629623768213,0.7558505010743742,43.04754309161756,0.06993356311504328,149,2025,9,200.10922778553123,201.26216322092097,-1.152935435389736,-1.234407941463199,Alta,0.06252252784893017,-0.01963562829697629,-0.049420839148421616,-0.09011804647811147,203.49,-0.01963562829697629,-0.0698524043243731
2025-09-06 20:30:00,200.46,SOLUSDT,17666.321,3538326.40676,0.12999999999999545,0.12999999999999545,-0.0,0.12850593342460492,0.15772989363561976,0.8147214866033786,44.895125374213535,0.06489292667100077,149,2025,9,200.19692083914842,201.2230333077053,-1.0261124685568745,-1.192748846881934,Alta,0.08064189588673235,0.036773278777246524,-0.012333486504170078,-0.060209746979791416,203.49,0.036773278777246524,-0.05639618947924525
2025-09-06 20:45:00,200.8,SOLUSDT,9137.182,1832922.54172,0.3400000000000034,0.3400000000000034,-0.0,0.14361265246570482,0.14646347266164692,0.980535623359635,49.508608267107384,0.16960989723635578,149,2025,9,200.34769062936132,201.20239753659772,-0.8547069072363911,-1.1251404589528256,Alta,0.11923142191504121,0.08882995908291584,0.030303456550438757,-0.02112700720455113,203.49,0.08882995908291584,-0.04169393633393221
2025-09-06 21:00:00,200.4,SOLUSDT,5540.119,1111145.93895,-0.4000000000000057,0.0,0.4000000000000057,0.1333546058610116,0.1645732246143868,0.8103056021018981,44.76070786949307,-0.19920318725099584,149,2025,9,200.360767972021,201.16325619334904,-0.8024882213280478,-1.06061001142787,Alta,0.08192356643627213,0.08887246931219529,0.06228116384139837,0.005427471869315831,203.49,0.08887246931219529,-0.035318622366417626
2025-09-06 21:15:00,200.61,SOLUSDT,3984.894,799052.36226,0.21000000000000796,0.21000000000000796,-0.0,0.1388292768709399,0.15281799428478776,0.9084615821630349,47.60177467829307,0.10479041916167109,149,2025,9,200.42307597901575,201.1362680863564,-0.7131921073406602,-0.9911264306104282,Alta,0.0376926748272012,0.0791543519841436,0.07876444430962039,0.02954030087169101,203.24,0.0791543519841436,-0.031156738348567317
2025-09-06 21:30:00,201.11,SOLUSDT,10057.966,2019848.25447,0.5,0.5,-0.0,0.16462718566587276,0.14190242326444577,1.1601435823197868,53.70678096656445,0.24923981855340394,149,2025,9,200.59480698426182,201.13498671629023,-0.5401797320284061,-0.9009370908940237,Alta,0.11701950612039617,0.0871157639881111,0.08818047608936591,0.05457946807800555,203.24,0.0871157639881111,-0.024222263307146295
2025-09-06 21:45:00,200.76,SOLUSDT,7724.795,1552170.02021,-0.35000000000002274,0.0,0.35000000000002274,0.15286810097545328,0.15676653588841555,0.9751322251852453,49.37047822678246,-0.17403411068570573,149,2025,9,200.63610523819636,201.11669468134923,-0.48058944315286567,-0.8168675613457922,Alta,0.10651462959031749,0.08108682299110237,0.08756392849559178,0.07370732833122592,203.24,0.08108682299110237,-0.019967518755580414
2025-09-06 22:00:00,200.52,SOLUSDT,12443.913,2497982.89464,-0.23999999999998067,0.0,0.23999999999998067,0.14194895090577805,0.1627117833249559,0.8723950288362837,46.59246662166625,-0.1195457262402777,149,2025,9,200.60707892864727,201.08758762372244,-0.4805086950751729,-0.7495957880916684,Alta,0.0061359721927222565,0.07056511724330825,0.07290508922884141,0.0783562538241918,203.07,0.07056511724330825,-0.017091054426062003
2025-09-06 22:15:00,200.45,SOLUSDT,7130.005,1430460.41191,-0.0700000000000216,0.0,0.0700000000000216,0.1318097401267939,0.1560895130874606,0.8444496847968115,45.78328656820139,-0.034909235986446685,149,2025,9,200.56780919648546,201.0564857884189,-0.48867659193345503,-0.6974119488600258,Alta,-0.03414802085545651,0.030173837932480765,0.04878595977877713,0.06832779642874419,203.07,0.030173837932480765,-0.02069636884427031
2025-09-06 22:30:00,200.2,SOLUSDT,5512.769,1104340.57137,-0.25,0.0,0.25,0.12239475868916574,0.16279740500978485,0.7518225409170943,42.91659248336357,-0.124719381391869,149,2025,9,200.47585689736408,201.0147059938619,-0.5388490964978132,-0.6656993783875833,Alta,-0.06561101564157351,-0.03061962155063685,0.02310732697694291,0.04963978671550675,203.07,-0.03061962155063685,-0.030077033778698553
2025-09-06 22:45:00,200.4,SOLUSDT,6450.14,1291483.61453,0.20000000000001705,0.20000000000001705,-0.0,0.1279379902113694,0.15116901893765736,0.8463241417484589,45.83832939252988,0.09990009990010762,149,2025,9,200.45689267302305,200.98472033562473,-0.5278276626016805,-0.6381250352304028,Alta,-0.055458261731209164,-0.048964716162980516,-0.007312361910141686,0.029487415794193787,203.07,-0.048964716162980516,-0.03368303213095392
2025-09-06 23:00:00,200.52,SOLUSDT,11019.435,2206138.38765,0.12000000000000455,0.12000000000000455,-0.0,0.12737099091055762,0.14037123187068185,0.9073867145933378,47.57224676312145,0.05988023952097077,149,2025,9,200.47266950476728,200.9620510509601,-0.48938154619281704,-0.6083763374228857,Alta,-0.0015936962984352747,-0.03797353712223614,-0.030573557146908695,0.011827683057768589,202.91,-0.03797353712223614,-0.032283859831913016
2025-09-06 23:15:00,200.67,SOLUSDT,8567.172,1720413.40501,0.14999999999997726,0.14999999999997726,-0.0,0.12898734870265902,0.1303447153084903,0.9895863318845052,49.738295645969,0.07480550568521593,149,2025,9,200.52200212857545,200.94780465823033,-0.42580252965487375,-0.5718615758692833,Alta,0.032554727776201914,-0.009480152841691914,-0.02578731071731122,0.003567731990287356,202.84,-0.009480152841691914,-0.027001720327920024
2025-09-06 23:30:00,200.28,SOLUSDT,7970.039,1597331.5487,-0.38999999999998636,0.0,0.38999999999998636,0.11977396665246909,0.14889152135788283,0.8044377917569572,44.58107646779481,-0.1943489310808677,149,2025,9,200.4615015964316,200.91522882124346,-0.4537272248118711,-0.548234705657801,Alta,-0.0055839541678487144,0.0036398853687146793,-0.018983340180850954,-0.00923329191636384,202.73,0.0036398853687146793,-0.023587002263131197
2025-09-06 23:45:00,200.16,SOLUSDT,8529.701,1707179.7786,-0.12000000000000455,0.0,0.12000000000000455,0.11121868332014986,0.14682784126089152,0.7574767998020934,43.10024461702093,-0.05991611743558778,149,2025,9,200.38612619732368,200.87838839093888,-0.49226219361520407,-0.5370402032492816,Alta,-0.06793796562590235,-0.015270085973422375,-0.01816607656420254,-0.023212847725155975,202.73,-0.015270085973422375,-0.025948611908848545
2025-09-07 00:00:00,200.81,SOLUSDT,14550.837,2917530.02252,0.6500000000000057,0.6500000000000057,-0.0,0.14970306308299672,0.136340138313685,1.0980116709179724,52.33582282397619,0.32474020783372914,149,2025,9,200.49209464799276,200.8750523718687,-0.38295772387593274,-0.5062237073746119,Alta,0.015296525780580324,-0.009702564480088305,-0.003713843137445319,-0.019515696399921643,202.73,-0.009702564480088305,-0.024341362547423476
2025-09-07 00:15:00,200.7,SOLUSDT,11476.515,2302994.73383,-0.11000000000001364,0.0,0.11000000000001364,0.13900998714849694,0.13445869986270848,1.033848960985311,50.832140479323314,-0.05477814849859097,149,2025,9,200.54407098599455,200.86651323177753,-0.3224422457829803,-0.4694674150562856,Alta,0.07897239433542842,0.007473076639941579,0.00587533193263366,-0.008985257148435354,202.73,0.007473076639941579,-0.020275930228032153
2025-09-07 00:30:00,201.03,SOLUSDT,10537.636,2115907.48215,0.3300000000000125,0.3300000000000125,-0.0,0.15265213092360522,0.12485450701537215,1.2226401318841507,55.008461079468965,0.164424514200312,149,2025,9,200.66555323949592,200.87448819608105,-0.20893495658512506,-0.4173609233620535,Alta,0.08672929575157066,0.056604807479932545,0.023335070378051305,0.007351966229585421,202.73,0.056604807479932545,-0.009335640948625245
2025-09-07 00:45:00,201.15,SOLUSDT,9305.279,1871709.99934,0.12000000000000455,0.12000000000000455,-0.0,0.15031983585763373,0.11593632794284557,1.29657233866971,56.456847312754356,0.05969258319653559,149,2025,9,200.78666492962194,200.8879277962722,-0.10126286665027351,-0.3541413120196975,Alta,0.1212969718137041,0.09745360560996164,0.048572731354966786,0.026968520126731874,202.44,0.09745360560996164,0.0018514634878992423
2025-09-07 01:00:00,201.85,SOLUSDT,23864.228,4812005.839,0.6999999999999886,0.6999999999999886,-0.0,0.1895827047249448,0.10765516166121374,1.7610182530917893,63.78147812386971,0.3479990057171145,149,2025,9,201.05249869721644,200.93485814767357,0.11764054954286962,-0.2597849397071841,Alta,0.1934727288602508,0.13634020420746945,0.09812597708765197,0.052302147670807625,202.44,0.13634020420746945,0.014102611610421794
2025-09-07 01:15:00,202.28,SOLUSDT,21450.193,4331339.71277,0.4300000000000068,0.4300000000000068,-0.0,0.20675536867316352,0.09996550725684132,2.068267088786406,67.40831319233259,0.2130294773346586,149,2025,9,201.35937402291233,201.0004748233968,0.35889919951554816,-0.13604811186263763,Alta,0.2863545466452035,0.20175515315559353,0.15296948281574108,0.08612055014705108,202.44,0.20175515315559353,0.032829313483089054
2025-09-07 01:30:00,202.48,SOLUSDT,17969.614,3635615.93707,0.19999999999998863,0.19999999999998863,-0.0,0.20627284233936533,0.09282511388135264,2.2221663267014082,68.96497888041308,0.09887284951550779,149,2025,9,201.63953051718426,201.07264678323108,0.5668837339531763,0.004538257300525144,Alta,0.29351590998389465,0.2520663648666873,0.1949949692546748,0.12533283685271288,202.48,0.2520663648666873,0.05088642014244803
2025-09-07 01:45:00,202.7,SOLUSDT,25350.603,5142938.55464,0.21999999999999886,0.21999999999999886,-0.0,0.20725335360083916,0.08619474860411316,2.404477731616113,70.62691905094948,0.10865270644013769,149,2025,9,201.9046478878882,201.1520298669759,0.7526180209122799,0.1541542100228761,Alta,0.2726369324879125,0.2822997736500486,0.23579979836957232,0.1681511427910416,202.7,0.2822997736500486,0.06659927769647761
2025-09-07 02:00:00,202.21,SOLUSDT,22452.614,4542686.18053,-0.4899999999999807,0.0,0.4899999999999807,0.19244954262935066,0.11503798084667513,1.6729217708180324,62.587756554732394,-0.2417365564874152,149,2025,9,201.98098591591614,201.2036381661478,0.7773477497683245,0.2787929179719658,Alta,0.17072769936594098,0.24022483023752655,0.24176056306289956,0.19434062982056227,202.7,0.24022483023752655,0.06891150805273394
2025-09-07 02:15:00,202.33,SOLUSDT,8911.295,1801396.55531,0.12000000000000455,0.12000000000000455,-0.0,0.18727457529868308,0.10682098221476977,1.753162828274287,63.678138113363566,0.059344246080805796,149,2025,9,202.06823943693712,201.25858264584792,0.8096567910891963,0.3849656925954119,Alta,0.08179577452447734,0.17591862267814548,0.22310613658288814,0.20184638145633513,202.7,0.17591862267814548,0.06472070278189618
2025-09-07 02:30:00,202.28,SOLUSDT,9106.976,1843113.1006,-0.05000000000001137,0.0,0.05000000000001137,0.1738978199202057,0.10276234062800131,1.6922329606106787,62.856111836132854,-0.02471210398854451,149,2025,9,202.12117957770283,201.30840788263583,0.8127716950669992,0.4705268930897294,Alta,0.07009683089338149,0.11268896700860975,0.17732960243716994,0.19891508912255915,202.7,0.11268896700860975,0.05780749776813755
2025-09-07 02:45:00,202.81,SOLUSDT,13287.509,2692399.11242,0.5300000000000011,0.5300000000000011,-0.0,0.19933368992590536,0.09542217344028693,2.0889661463291227,67.62670898195555,0.2620130512161367,149,2025,9,202.2933846832771,201.38165627860482,0.9117284046722887,0.5587671954062413,Alta,0.11257262316999829,0.0917667252564243,0.14031863039931486,0.18909540775101824,202.81,0.0917667252564243,0.05640225397457621
2025-09-07 03:00:00,202.65,SOLUSDT,7425.224,1505211.1715,-0.1599999999999966,0.0,0.1599999999999966,0.18509556921691211,0.10003487533740905,1.850310390177432,64.9161016482226,-0.07889157339381336,149,2025,9,202.38253851245784,201.44352670403873,0.9390118084191101,0.6348161180088151,Alta,0.1306794673774898,0.10282504394235911,0.11238182994233349,0.17103367702537625,202.81,0.10282504394235911,0.06028507085387467
2025-09-07 03:15:00,202.97,SOLUSDT,16216.739,3290464.24318,0.3199999999999932,0.3199999999999932,-0.0,0.1947315999871322,0.09288952709902269,2.0963784192758688,67.70420586273613,0.1579077226745662,149,2025,9,202.52940388434337,201.51798881603682,1.0114150683065475,0.7101359080683616,Alta,0.11800960053316194,0.1183687829567357,0.10366137245675591,0.14824495473874083,202.97,0.1183687829567357,0.06539311617805807
2025-09-07 03:30:00,202.73,SOLUSDT,8520.966,1728638.46059,-0.2400000000000091,0.0,0.2400000000000091,0.1808221999880513,0.10339741802052171,1.7488076922013929,63.62059074423114,-0.11824407547913474,149,2025,9,202.57955291325752,201.5771113128155,1.0024416004420118,0.7685970465430917,Alta,0.09850720039983973,0.11527658721758686,0.1064067436283042,0.12478977666010961,202.97,0.11527658721758686,0.0673739397791059
2025-09-07 03:45:00,202.86,SOLUSDT,8743.455,1772459.68166,0.13000000000002387,0.13000000000002387,-0.0,0.17719204284604934,0.09601188816191301,1.8455219060709995,64.85706197283272,0.06412469787402397,149,2025,9,202.64966468494313,201.6396912487757,1.009973436167428,0.816872324467959,Alta,0.06013040029987695,0.09095744041316094,0.10346577200692476,0.10710748401023065,202.97,0.09095744041316094,0.06496545491183901
2025-09-07 04:00:00,202.53,SOLUSDT,5548.457,1125597.08575,-0.3300000000000125,0.0,0.3300000000000125,0.16453546835704583,0.11272532472177725,1.4596140553433194,59.34321493131908,-0.16267376515823884,149,2025,9,202.61974851370735,201.68312094395736,0.9366275697499873,0.8408233735243646,Alta,0.020097800224899643,0.05946808030987972,0.0859029004337594,0.09083061300767925,202.97,0.05946808030987972,0.06008909125762055
2025-09-07 04:15:00,202.38,SOLUSDT,6779.937,1372821.635,-0.15000000000000568,0.0,0.15000000000000568,0.15278293490297115,0.11538780152736498,1.3240822069630789,56.97226212549863,-0.07406310176270026,149,2025,9,202.5598113852805,201.71711504425213,0.8426963410283861,0.841197967025169,Alta,-0.04492664983129379,0.010101060232398963,0.04978431818246559,0.07707750521030396,202.97,0.010101060232398963,0.050426208757223666
2025-09-07 04:30:00,202.64,SOLUSDT,8473.265,1715177.87398,0.2599999999999909,0.2599999999999909,-0.0,0.16044129669561544,0.10714581570398177,1.4974107541341262,59.958529114818816,0.1284711928056126,149,2025,9,202.57985853896037,201.7621338225813,0.8177247163790753,0.8365033168959504,Baixa,-0.019944987373480202,-0.008924204825689659,0.024748952922562757,0.061565704665302805,202.97,-0.008924204825689659,0.0447468815007935
2025-09-07 04:45:00,203.08,SOLUSDT,9795.442,1987519.91661,0.44000000000002615,0.44000000000002615,-0.0,0.18040977550307336,0.09949254315369736,1.8132994673216265,64.4545484184789,0.21713383339914127,149,2025,9,202.70489390422028,201.82641997757733,0.878473926642954,0.8448974388453512,Alta,0.07254125946988631,0.007056846380731921,0.015615286120518934,0.05143185425655416,203.08,0.007056846380731921,0.04524703362269294
2025-09-07 05:00:00,203.1,SOLUSDT,10836.472,2201273.15601,0.01999999999998181,0.01999999999998181,-0.0,0.16895193439570969,0.09238593292843326,1.8287625511839367,64.64885327397081,0.009848335631268412,149,2025,9,202.80367042816522,201.88854583232964,0.9151245958355787,0.8589428702433968,Alta,0.11190594460240151,0.05129263478555733,0.026532893161794486,0.04249813311665034,203.1,0.05129263478555733,0.05201547100697471
2025-09-07 05:15:00,203.12,SOLUSDT,7429.745,1507700.13143,0.020000000000010232,0.020000000000010232,-0.0,0.15831251051030257,0.08578693771925947,1.845415103035679,64.85574287796767,0.009847365829651622,149,2025,9,202.88275282112392,201.94861676733794,0.9341360537859771,0.8739815069519129,Alta,0.08892945845181228,0.08696947608915973,0.04329252701423112,0.04108572104962047,203.12,0.08696947608915973,0.05894154559200784
2025-09-07 05:30:00,202.95,SOLUSDT,6121.476,1242551.87418,-0.17000000000001592,0.0,0.17000000000001592,0.14700447404528094,0.09180215645359921,1.601318310203131,61.55795328554342,-0.08369436786137552,149,2025,9,202.89956461584293,201.99746472990682,0.90209988593611,0.8796051827487524,Alta,0.047947093838816617,0.08172710706686256,0.061040823832092486,0.039390048362978054,203.12,0.08172710706686256,0.059285860441153616
2025-09-07 05:45:00,202.83,SOLUSDT,5755.891,1167624.18877,-0.11999999999997613,0.0,0.11999999999997613,0.136504154470618,0.09381628813548328,1.4550155115227725,59.267059808525204,-0.05912786400590342,149,2025,9,202.8821734618822,202.03807620649673,0.8440972553854635,0.8725035972760947,Baixa,-0.0002896796208658712,0.04504533030014626,0.0637270464455036,0.040269808999502,203.12,0.04504533030014626,0.0532231355415935
2025-09-07 06:00:00,202.75,SOLUSDT,6762.748,1371942.82656,-0.0800000000000125,0.0,0.0800000000000125,0.12675385772271672,0.09282941041152107,1.365449345857154,57.72473412920893,-0.03944189715525681,149,2025,9,202.84913009641164,202.0728041964237,0.7763258999879383,0.8532680578184635,Baixa,-0.02521725971563841,0.009033997725117942,0.044938141976977146,0.03841447796176194,203.12,0.009033997725117942,0.04579761673468937
2025-09-07 06:15:00,202.51,SOLUSDT,6909.394,1400393.37423,-0.2400000000000091,0.0,0.2400000000000091,0.11770001074252266,0.10334159538212737,1.1389412976188535,53.24789880333621,-0.11837237977805337,149,2025,9,202.76434757230874,202.0941308209884,0.6702167513203392,0.8166577965188386,Baixa,-0.05891294478672265,-0.02872450170617583,0.009596463625588643,0.033341161501604426,203.12,-0.02872450170617583,0.036636757381766305
2025-09-07 06:30:00,202.4,SOLUSDT,14615.617,2958308.03814,-0.10999999999998522,0.0,0.10999999999998522,0.10929286711805676,0.10381719571197436,1.0527433954320424,51.2847050330161,-0.05431830526886339,149,2025,9,202.67326067923156,202.10905126874505,0.5642094104865123,0.7661681193123734,Baixa,-0.08793470859003545,-0.05704337627962929,-0.02423122370938865,0.019914962035299636,203.12,-0.05704337627962929,0.02792276921680462
2025-09-07 06:45:00,202.28,SOLUSDT,9851.694,1994159.15298,-0.12000000000000455,0.0,0.12000000000000455,0.10148623375248127,0.1049731103039765,0.9667831453083738,49.1555537078182,-0.05928853754940677,149,2025,9,202.57494550942369,202.11739023124528,0.457555278178404,0.7044455510855796,Baixa,-0.0947010314425311,-0.07903253220972944,-0.05335198921060184,-0.0035183239280611213,203.12,-0.07903253220972944,0.019487512181840756
2025-09-07 07:00:00,202.57,SOLUSDT,6343.12,1284077.39482,0.28999999999999204,0.28999999999999204,-0.0,0.11495150277016061,0.09747503099654961,1.1792917795966602,54.113533150431174,0.1433656317975096,149,2025,9,202.57370913206776,202.13946875655037,0.4342403755173905,0.6504045159719418,Baixa,-0.04977577358193119,-0.074024399157301,-0.06313899190795079,-0.025866015673326883,203.12,-0.074024399157301,0.015658853050995455
2025-09-07 07:15:00,202.59,SOLUSDT,6558.337,1327888.82341,0.020000000000010232,0.020000000000010232,-0.0,0.10816925257229272,0.09051252878251036,1.1950749142387695,54.443468261000554,0.009873130275961373,149,2025,9,202.57778184905084,202.16144589037717,0.41633595867367035,0.6035908045122875,Baixa,0.0014181698135720595,-0.047268299367954715,-0.05905067250239604,-0.039581329936796264,203.12,-0.047268299367954715,0.016504762658262756
2025-09-07 07:30:00,203.03,SOLUSDT,17833.227,3619955.16518,0.4399999999999977,0.4399999999999977,-0.0,0.13187144881712878,0.08404734815518819,1.5690137965285516,61.074557040087655,0.2171874228737769,149,2025,9,202.69083638678813,202.2038143835295,0.4870220032586303,0.5802770442615561,Baixa,0.0585636273601976,0.0037987754740154726,-0.03384157580534855,-0.039004179270779094,203.12,0.0037987754740154726,0.023358188870065893
2025-09-07 07:45:00,202.99,SOLUSDT,15000.929,3044143.379,-0.03999999999999204,0.0,0.03999999999999204,0.1224520596159053,0.0809011090012456,1.513601743259415,60.21645025184901,-0.01970152194256114,149,2025,9,202.76562729009112,202.2421649014061,0.5234623886850045,0.5689141131462458,Baixa,0.09392272052010715,0.04984908160554031,0.0014938181460009898,-0.02770767990763101,203.12,0.04984908160554031,0.0313894967300779
2025-09-07 08:00:00,203.09,SOLUSDT,14689.197,2984143.76819,0.09999999999999432,0.09999999999999432,-0.0,0.12084834107191166,0.07512245835829948,1.6086845893077781,61.666504103305456,0.04926351051774969,149,2025,9,202.84672046756833,202.2835227110936,0.5631977564747217,0.567770841811941,Baixa,0.0779420403900796,0.07338681120414206,0.036388220752337504,-0.009447426597393935,203.12,0.07338681120414206,0.03688269201153697
2025-09-07 08:15:00,203.69,SOLUSDT,26041.379,5298369.97563,0.5999999999999943,0.5999999999999943,-0.0,0.1550734595667747,0.0697565684755638,2.223066056081844,68.97364240757568,0.2954355211975068,149,2025,9,203.05754035067625,202.35213135933293,0.7054089913433188,0.5952984717182166,Alta,0.14595653029254663,0.11154010840311292,0.07791616556425791,0.019793217930744404,203.69,0.11154010840311292,0.046107926547567256
2025-09-07 08:30:00,203.6,SOLUSDT,17480.762,3561360.90091,-0.09000000000000341,0.0,0.09000000000000341,0.14399678388343368,0.07120252787016663,2.0223549386617683,66.913217663218,-0.044184790613188696,149,2025,9,203.19315526300718,202.41300300034106,0.780152262666121,0.6322692299077975,Alta,0.1732173977194258,0.12965508130230027,0.10620498131605215,0.05210248920563973,203.69,0.12965508130230027,0.05283436915498147
2025-09-07 08:45:00,203.54,SOLUSDT,11359.791,2311528.82183,-0.060000000000002274,0.0,0.060000000000002274,0.13371129932033127,0.07040234730801204,1.8992449035163697,65.5082604857857,-0.029469548133598256,149,2025,9,203.2798664472554,202.46797846373906,0.8118879835163284,0.6681929806295037,Alta,0.11116304828953945,0.13749131097670497,0.12152873598703644,0.07931929114664256,203.69,0.13749131097670497,0.0581107413913266
2025-09-07 09:00:00,203.75,SOLUSDT,18355.951,3736216.10037,0.21000000000000796,0.21000000000000796,-0.0,0.13916049222602248,0.0653736082145826,2.128695295037739,68.037795128658,0.10317382332711844,149,2025,9,203.39739983544155,202.53051609965422,0.8668837357873258,0.7079311316610681,Alta,0.10212228621717176,0.13236848323254835,0.12480726627598673,0.10062583199634362,203.75,0.13236848323254835,0.06098338815271799
2025-09-07 09:15:00,203.51,SOLUSDT,9237.904,1882789.9279,-0.2400000000000091,0.0,0.2400000000000091,0.12922045706702087,0.07784692191354163,1.6599302052113984,62.405028596585865,-0.11779141104294455,149,2025,9,203.42554987658116,202.5782958021101,0.847254074471067,0.7357957202230679,Alta,0.07284171466288873,0.0940263624243902,0.11798044970698883,0.10813604066393451,203.75,0.0940263624243902,0.056984198486727006
2025-09-07 09:30:00,202.8,SOLUSDT,11014.445,2237603.36947,-0.7099999999999795,0.0,0.7099999999999795,0.11999042441937653,0.12300071320543005,0.9755262493394988,49.38057642441643,-0.34887720505133446,149,2025,9,203.26916240743589,202.58911064103154,0.6800517664043468,0.7246469294593237,Baixa,-0.06411871400286065,0.029769771818313105,0.07884248013739108,0.09672324261916661,203.75,0.029769771818313105,0.046253261975179795
2025-09-07 09:45:00,203.18,SOLUSDT,9477.186,1923423.15901,0.37999999999999545,0.37999999999999545,-0.0,0.13856253696084933,0.11421494797647076,1.2131734016933964,54.816012191595284,0.18737672583826193,149,2025,9,203.24687180557692,202.61793451220072,0.6289372933761967,0.7055050022426984,Baixa,-0.08933903550213498,-0.019422671136270234,0.030917574388759604,0.0759363713583141,203.75,-0.019422671136270234,0.03585066383003151
2025-09-07 10:00:00,203.3,SOLUSDT,9641.569,1959114.90965,0.12000000000000455,0.12000000000000455,-0.0,0.13723664146364614,0.10605673740672285,1.2939926761781269,56.40788175200126,0.05906093119401046,149,2025,9,203.2601538541827,202.65120599941042,0.608947854772282,0.6861935727486151,Baixa,-0.004504276626581057,-0.04531700335221774,0.000241752220140989,0.05530076336722383,203.75,-0.04531700335221774,0.02810185096027916
2025-09-07 10:15:00,202.98,SOLUSDT,10551.047,2142621.45743,-0.3200000000000216,0.0,0.3200000000000216,0.12743402421624286,0.1213383990205299,1.0502365718100632,51.225140856933194,-0.15740285292672462,149,2025,9,203.19011539063703,202.6672447311465,0.5228706594905361,0.6535289900969994,Baixa,-0.028378207469921618,-0.0479877525141429,-0.02580082869202784,0.028930117979965978,203.75,-0.0479877525141429,0.023999321645163517
2025-09-07 10:30:00,203.26,SOLUSDT,8329.346,1691935.09181,0.28000000000000114,0.28000000000000114,-0.0,0.13833159391508273,0.11267137051906348,1.2277439537462418,55.111537916268624,0.13794462508620597,149,2025,9,203.20758654297777,202.69615962231006,0.5114269206677022,0.62510857621114,Baixa,-0.026283655602458714,-0.01799081438561247,-0.03747562151902135,0.0037733460607333688,203.75,-0.01799081438561247,0.02634081815029266
2025-09-07 10:45:00,203.38,SOLUSDT,8916.155,1812429.29027,0.12000000000000455,0.12000000000000455,-0.0,0.13702219434972002,0.10462341548198752,1.3096704377167885,56.70377973973879,0.05903768572272927,149,2025,9,203.25068990723332,202.72951768951444,0.5211722177188847,0.604321304512689,Baixa,0.030287258298130792,-0.0044931107892158895,-0.025160287567831594,-0.009351808636270397,203.75,-0.0044931107892158895,0.026811997752688162
2025-09-07 11:00:00,203.31,SOLUSDT,13367.031,2719276.38685,-0.06999999999999318,0.0,0.06999999999999318,0.12723489475331146,0.10215031437613077,1.2455653761849033,55.46778505736729,-0.034418330219287974,149,2025,9,203.265517430425,202.757833899782,0.5076835306429928,0.5849937497387497,Baixa,0.028965443723611234,0.007130166908092564,-0.001995215675886001,-0.014968401931739119,203.75,0.007130166908092564,0.027552875911095506
2025-09-07 11:15:00,203.19,SOLUSDT,8133.178,1652922.45393,-0.12000000000000455,0.0,0.12000000000000455,0.11814668798521778,0.10342529192069318,1.142338453110802,53.32203468840598,-0.05902316659288642,149,2025,9,203.24663807281877,202.77891517296337,0.46772289985540283,0.5615395797620804,Baixa,-0.002025917207272231,0.017097625181060384,0.0025214453859530484,-0.016711149933652004,203.75,0.017097625181060384,0.028501516110564774
2025-09-07 11:30:00,203.55,SOLUSDT,15847.154,3224047.73606,0.36000000000001364,0.36000000000001364,-0.0,0.13542192455770322,0.09603777106921509,1.4100902493884797,58.50777786210565,0.17717407352724202,149,2025,9,203.32247855461407,202.81652906696513,0.5059494876489339,0.5504215613394511,Baixa,0.0284805620945142,0.02257321888580788,0.012783941182316176,-0.006078816995697323,203.75,0.02257321888580788,0.029013637275908444
2025-09-07 11:45:00,203.96,SOLUSDT,10653.867,2170561.26498,0.4099999999999966,0.4099999999999966,-0.0,0.15503464423215277,0.08917793027855687,1.7384866832845902,63.4834813656796,0.20142471137312157,149,2025,9,203.48185891596054,202.87230813686926,0.6095507790912791,0.5622474048898167,Alta,0.11761042157089606,0.051929914164331493,0.03932009874387179,0.016031796344132557,203.96,0.051929914164331493,0.03442760618925464
2025-09-07 12:00:00,203.77,SOLUSDT,12669.231,2582741.4505,-0.18999999999999773,0.0,0.18999999999999773,0.14396074107271328,0.09637950668723123,1.493686220452359,59.898723752878645,-0.09315552069033561,149,2025,9,203.5538941869704,202.91609798385124,0.6377962031191657,0.5773571645356865,Alta,0.11570781617818092,0.08119743562326774,0.05565078834361855,0.03096324119748901,203.96,0.08119743562326774,0.040992113204412
2025-09-07 12:15:00,203.49,SOLUSDT,20612.664,4194637.45827,-0.28000000000000114,0.0,0.28000000000000114,0.1336778309960909,0.10949525620957194,1.220854999784045,54.97229670116961,-0.13740982480247022,149,2025,9,203.5379206402278,202.9440932041512,0.5938274360766229,0.5806512188438738,Alta,0.028030862133611962,0.08139807671743145,0.05977380554342754,0.04008606726176335,203.96,0.08139807671743145,0.042992497926158016
2025-09-07 12:30:00,203.61,SOLUSDT,11169.661,2274494.19898,0.12000000000000455,0.12000000000000455,-0.0,0.13270084306779903,0.1016741664803168,1.3051579143605638,56.619024069012916,0.05897095680378328,149,2025,9,203.55594048017088,202.97657646248527,0.5793640176856059,0.5803937786122203,Baixa,0.0010231466002215827,0.052298557538091685,0.06018749701472826,0.04754939893115846,203.96,0.052298557538091685,0.03918798583222413
2025-09-07 12:45:00,203.77,SOLUSDT,9791.349,1994433.10759,0.1599999999999966,0.1599999999999966,-0.0,0.1346507828486703,0.09441172601743701,1.426208253239661,58.78342270640937,0.07858160208240594,149,2025,9,203.60945536012815,203.0152800496811,0.5941753104470422,0.5831500849791847,Alta,0.03576735995015524,0.025723918153556517,0.057551337046761936,0.04967720071352644,203.96,0.025723918153556517,0.03464223042577824
2025-09-07 13:00:00,203.52,SOLUSDT,6236.399,1269952.36843,-0.25,0.0,0.25,0.125032869788051,0.10552517415904865,1.1848629560146486,54.230538933935065,-0.12268734357363531,149,2025,9,203.58709152009612,203.03990053506251,0.547190985033609,0.5759582649900696,Baixa,0.015575519962627097,0.013792938615168499,0.03753850278506612,0.04666699144424322,203.96,0.013792938615168499,0.03187919479522776
2025-09-07 13:15:00,203.27,SOLUSDT,10076.201,2047941.94344,-0.25,0.0,0.25,0.11610195051747593,0.11584480457625945,1.0022197451336474,50.05543210576767,-0.1228380503144666,149,2025,9,203.5078186400721,203.0511248992058,0.4566937408662852,0.5521053601653128,Baixa,-0.05081836002804985,-0.0029052960386243072,0.007707448517377053,0.03760630418923613,203.96,-0.0029052960386243072,0.027738746268638995
2025-09-07 13:30:00,203.46,SOLUSDT,12730.939,2591604.50332,0.18999999999999773,0.18999999999999773,-0.0,0.12138038262337035,0.10757017567795521,1.1283832331626964,53.01598018538992,0.09347173709843837,149,2025,9,203.49586398005408,203.0710700260738,0.4247939539802701,0.5266430789283042,Baixa,-0.04561377002101757,-0.02217897202898671,-0.007255127897695297,0.025765334202534962,203.96,-0.02217897202898671,0.022483197670170003
2025-09-07 13:45:00,203.43,SOLUSDT,11956.924,2432339.87981,-0.030000000000001137,0.0,0.030000000000001137,0.1127103552931296,0.10202944884381562,1.1046845452009064,52.486941462073446,-0.014744913005015903,149,2025,9,203.47939798504058,203.08857880528973,0.39081917975084934,0.49947829909281327,Baixa,-0.01421032751575354,-0.03513422902174361,-0.014191345923261064,0.008975515803431429,203.96,-0.03513422902174361,0.0177767002228528
2025-09-07 14:00:00,203.62,SOLUSDT,29563.963,6022294.12135,0.18999999999999773,0.18999999999999773,-0.0,0.11823104420076304,0.09474163106925737,1.2479312723076785,55.51465419254472,0.09339822051810387,149,2025,9,203.51454848878043,203.11450179039753,0.4000466983829085,0.47959197895083233,Baixa,0.009342254363181767,-0.017350671766289592,-0.01698279515672648,-0.0036623025413792983,203.96,-0.017350671766289592,0.018665641675373774
2025-09-07 14:15:00,203.59,SOLUSDT,15954.443,3249151.36858,-0.030000000000001137,0.0,0.030000000000001137,0.10978596961499425,0.09011722885002478,1.2182572746184046,54.91956629908834,-0.014733326785187906,149,2025,9,203.5334113665853,203.13769682501228,0.3957145415730281,0.46281649147527154,Baixa,0.027006690772361005,0.006986996175275341,-0.014344239224690091,-0.0069739996332983745,203.96,0.006986996175275341,0.02165756159366322
2025-09-07 14:30:00,203.9,SOLUSDT,14119.433,2875232.2921,0.3100000000000023,0.3100000000000023,-0.0,0.12408697178535197,0.08368028393216587,1.4828698703501193,59.72402694390962,0.15226681074709258,149,2025,9,203.625058524939,203.17488234574338,0.4501761791956085,0.460288429019339,Baixa,0.05525501807926934,0.031240247131458086,0.006563249152907302,-0.001109287603766638,203.96,0.031240247131458086,0.02567426590615156
2025-09-07 14:45:00,203.68,SOLUSDT,14163.878,2885696.8169,-0.21999999999999886,0.0,0.21999999999999886,0.11522361665782684,0.09341740650843966,1.2334276979463898,55.225772434026496,-0.10789602746443805,149,2025,9,203.63879389370425,203.19952223131688,0.4392716623873696,0.45608507569294515,Baixa,0.052691263559476294,0.04293018534857724,0.025190294007535294,0.0035771252062677034,203.96,0.04293018534857724,0.028226740740017676
2025-09-07 15:00:00,203.64,SOLUSDT,14431.074,2939282.23821,-0.040000000000020464,0.0,0.040000000000020464,0.10699335832512492,0.089601877472124,1.1940972817049684,54.42316945842395,-0.019638648860964558,149,2025,9,203.63909542027818,203.22100895174043,0.41808646853775144,0.44848535426190644,Baixa,0.007018447669596728,0.03544763901144837,0.030678434791375723,0.008258601480454835,203.96,0.03544763901144837,0.027483972899023712
2025-09-07 15:15:00,204.09,SOLUSDT,27792.276,5666915.46654,0.45000000000001705,0.45000000000001705,-0.0,0.13149383273047435,0.08320174336697228,1.5804216042746055,61.24664286086247,0.22097819681792252,149,2025,9,203.75182156520864,203.26339875897258,0.48842280623605916,0.456472844656737,Alta,0.05651383575219979,0.04508572925856001,0.041848111807813566,0.021648496564884323,204.09,0.04508572925856001,0.029753047391740534
2025-09-07 15:30:00,205.28,SOLUSDT,85427.864,17497255.85666,1.1899999999999977,1.1899999999999977,-0.0,0.20710141610686889,0.07725876169790283,2.6806204442762978,72.83066767845916,0.5830760938801527,149,2025,9,204.13386617390648,203.3617695512178,0.7720966226886787,0.5195976002631254,Alta,0.24738537681416517,0.11306429694391901,0.08245751242730363,0.052660614847906455,205.28,0.11306429694391901,0.04376509386044795
2025-09-07 15:45:00,205.2,SOLUSDT,81461.211,16720139.43643,-0.0800000000000125,0.0,0.0800000000000125,0.1923084578135211,0.07745456443376782,2.4828550676050347,71.28792382717079,-0.0389711613406174,149,2025,9,204.40039963042986,203.45143932920718,0.9489603012226837,0.6054701404550371,Alta,0.32428903261059716,0.20179822270795417,0.13327170574904496,0.08629849143896208,205.28,0.20179822270795417,0.06445947952577663
2025-09-07 16:00:00,205.43,SOLUSDT,8531.293,1751103.5586,0.2300000000000182,0.2300000000000182,-0.0,0.1950007108268423,0.07192209554564155,2.7112768245621464,73.05509539515475,0.11208576998051889,149,2025,9,204.6577997228224,203.54795448387998,1.1098452389424267,0.706345160152515,Alta,0.2619667744579587,0.2685986670309376,0.18272163645463954,0.12236023221558576,205.43,0.2685986670309376,0.08419316345135557
